Keywords,Date and Time,Source,Event ID,Task Category,Details
Audit Success,9/21/2025 0:22,Microsoft-Windows-Security-Auditing,4688,Process Creation,"A new process has been created.

Creator Subject:
	Security ID:		SYSTEM
	Account Name:		-
	Account Domain:		-
	Logon ID:		0x3E7

Target Subject:
	Security ID:		NULL SID
	Account Name:		-
	Account Domain:		-
	Logon ID:		0x0

Process Information:
	New Process ID:		0x1c4
	New Process Name:	C:\Windows\System32\smss.exe
	Token Elevation Type:	%%1936
	Mandatory Label:		Mandatory Label\System Mandatory Level
	Creator Process ID:	0x124
	Creator Process Name:	C:\Windows\System32\smss.exe
	Process Command Line:	

Token Elevation Type indicates the type of token that was assigned to the new process in accordance with User Account Control policy.

Type 1 is a full token with no privileges removed or groups disabled.  A full token is only used if User Account Control is disabled or if the user is the built-in Administrator account or a service account.

Type 2 is an elevated token with no privileges removed or groups disabled.  An elevated token is used when User Account Control is enabled and the user chooses to start the program using Run as administrator.  An elevated token is also used when an application is configured to always require administrative privilege or to always require maximum privilege, and the user is a member of the Administrators group.

Type 3 is a limited token with administrative privileges removed and administrative groups disabled.  The limited token is used when User Account Control is enabled, the application does not require administrative privilege, and the user does not choose to start the program using Run as administrator."
Audit Success,9/21/2025 0:22,Microsoft-Windows-Security-Auditing,4688,Process Creation,"A new process has been created.

Creator Subject:
	Security ID:		SYSTEM
	Account Name:		-
	Account Domain:		-
	Logon ID:		0x3E7

Target Subject:
	Security ID:		NULL SID
	Account Name:		-
	Account Domain:		-
	Logon ID:		0x0

Process Information:
	New Process ID:		0x1cc
	New Process Name:	C:\Windows\System32\csrss.exe
	Token Elevation Type:	%%1936
	Mandatory Label:		Mandatory Label\System Mandatory Level
	Creator Process ID:	0x1c4
	Creator Process Name:	C:\Windows\System32\smss.exe
	Process Command Line:	

Token Elevation Type indicates the type of token that was assigned to the new process in accordance with User Account Control policy.

Type 1 is a full token with no privileges removed or groups disabled.  A full token is only used if User Account Control is disabled or if the user is the built-in Administrator account or a service account.

Type 2 is an elevated token with no privileges removed or groups disabled.  An elevated token is used when User Account Control is enabled and the user chooses to start the program using Run as administrator.  An elevated token is also used when an application is configured to always require administrative privilege or to always require maximum privilege, and the user is a member of the Administrators group.

Type 3 is a limited token with administrative privileges removed and administrative groups disabled.  The limited token is used when User Account Control is enabled, the application does not require administrative privilege, and the user does not choose to start the program using Run as administrator."
Audit Success,9/21/2025 0:22,Microsoft-Windows-Security-Auditing,4688,Process Creation,"A new process has been created.

Creator Subject:
	Security ID:		SYSTEM
	Account Name:		-
	Account Domain:		-
	Logon ID:		0x3E7

Target Subject:
	Security ID:		NULL SID
	Account Name:		-
	Account Domain:		-
	Logon ID:		0x0

Process Information:
	New Process ID:		0x1e4
	New Process Name:	C:\Windows\System32\wininit.exe
	Token Elevation Type:	%%1936
	Mandatory Label:		Mandatory Label\System Mandatory Level
	Creator Process ID:	0x178
	Creator Process Name:	C:\Windows\System32\smss.exe
	Process Command Line:	

Token Elevation Type indicates the type of token that was assigned to the new process in accordance with User Account Control policy.

Type 1 is a full token with no privileges removed or groups disabled.  A full token is only used if User Account Control is disabled or if the user is the built-in Administrator account or a service account.

Type 2 is an elevated token with no privileges removed or groups disabled.  An elevated token is used when User Account Control is enabled and the user chooses to start the program using Run as administrator.  An elevated token is also used when an application is configured to always require administrative privilege or to always require maximum privilege, and the user is a member of the Administrators group.

Type 3 is a limited token with administrative privileges removed and administrative groups disabled.  The limited token is used when User Account Control is enabled, the application does not require administrative privilege, and the user does not choose to start the program using Run as administrator."
Audit Success,9/21/2025 0:22,Microsoft-Windows-Security-Auditing,4688,Process Creation,"A new process has been created.

Creator Subject:
	Security ID:		SYSTEM
	Account Name:		-
	Account Domain:		-
	Logon ID:		0x3E7

Target Subject:
	Security ID:		NULL SID
	Account Name:		-
	Account Domain:		-
	Logon ID:		0x0

Process Information:
	New Process ID:		0x140
	New Process Name:	C:\Windows\System32\autochk.exe
	Token Elevation Type:	%%1936
	Mandatory Label:		Mandatory Label\System Mandatory Level
	Creator Process ID:	0x124
	Creator Process Name:	C:\Windows\System32\smss.exe
	Process Command Line:	

Token Elevation Type indicates the type of token that was assigned to the new process in accordance with User Account Control policy.

Type 1 is a full token with no privileges removed or groups disabled.  A full token is only used if User Account Control is disabled or if the user is the built-in Administrator account or a service account.

Type 2 is an elevated token with no privileges removed or groups disabled.  An elevated token is used when User Account Control is enabled and the user chooses to start the program using Run as administrator.  An elevated token is also used when an application is configured to always require administrative privilege or to always require maximum privilege, and the user is a member of the Administrators group.

Type 3 is a limited token with administrative privileges removed and administrative groups disabled.  The limited token is used when User Account Control is enabled, the application does not require administrative privilege, and the user does not choose to start the program using Run as administrator."
Audit Success,9/21/2025 0:22,Microsoft-Windows-Security-Auditing,4688,Process Creation,"A new process has been created.

Creator Subject:
	Security ID:		SYSTEM
	Account Name:		-
	Account Domain:		-
	Logon ID:		0x3E7

Target Subject:
	Security ID:		NULL SID
	Account Name:		-
	Account Domain:		-
	Logon ID:		0x0

Process Information:
	New Process ID:		0x178
	New Process Name:	C:\Windows\System32\smss.exe
	Token Elevation Type:	%%1936
	Mandatory Label:		Mandatory Label\System Mandatory Level
	Creator Process ID:	0x124
	Creator Process Name:	C:\Windows\System32\smss.exe
	Process Command Line:	

Token Elevation Type indicates the type of token that was assigned to the new process in accordance with User Account Control policy.

Type 1 is a full token with no privileges removed or groups disabled.  A full token is only used if User Account Control is disabled or if the user is the built-in Administrator account or a service account.

Type 2 is an elevated token with no privileges removed or groups disabled.  An elevated token is used when User Account Control is enabled and the user chooses to start the program using Run as administrator.  An elevated token is also used when an application is configured to always require administrative privilege or to always require maximum privilege, and the user is a member of the Administrators group.

Type 3 is a limited token with administrative privileges removed and administrative groups disabled.  The limited token is used when User Account Control is enabled, the application does not require administrative privilege, and the user does not choose to start the program using Run as administrator."
Audit Success,9/21/2025 0:22,Microsoft-Windows-Security-Auditing,4688,Process Creation,"A new process has been created.

Creator Subject:
	Security ID:		SYSTEM
	Account Name:		-
	Account Domain:		-
	Logon ID:		0x3E7

Target Subject:
	Security ID:		NULL SID
	Account Name:		-
	Account Domain:		-
	Logon ID:		0x0

Process Information:
	New Process ID:		0x180
	New Process Name:	C:\Windows\System32\csrss.exe
	Token Elevation Type:	%%1936
	Mandatory Label:		Mandatory Label\System Mandatory Level
	Creator Process ID:	0x178
	Creator Process Name:	C:\Windows\System32\smss.exe
	Process Command Line:	

Token Elevation Type indicates the type of token that was assigned to the new process in accordance with User Account Control policy.

Type 1 is a full token with no privileges removed or groups disabled.  A full token is only used if User Account Control is disabled or if the user is the built-in Administrator account or a service account.

Type 2 is an elevated token with no privileges removed or groups disabled.  An elevated token is used when User Account Control is enabled and the user chooses to start the program using Run as administrator.  An elevated token is also used when an application is configured to always require administrative privilege or to always require maximum privilege, and the user is a member of the Administrators group.

Type 3 is a limited token with administrative privileges removed and administrative groups disabled.  The limited token is used when User Account Control is enabled, the application does not require administrative privilege, and the user does not choose to start the program using Run as administrator."
Audit Success,9/21/2025 0:22,Microsoft-Windows-Security-Auditing,4688,Process Creation,"A new process has been created.

Creator Subject:
	Security ID:		SYSTEM
	Account Name:		-
	Account Domain:		-
	Logon ID:		0x3E7

Target Subject:
	Security ID:		NULL SID
	Account Name:		-
	Account Domain:		-
	Logon ID:		0x0

Process Information:
	New Process ID:		0x210
	New Process Name:	C:\Windows\System32\winlogon.exe
	Token Elevation Type:	%%1936
	Mandatory Label:		Mandatory Label\System Mandatory Level
	Creator Process ID:	0x1c4
	Creator Process Name:	C:\Windows\System32\smss.exe
	Process Command Line:	

Token Elevation Type indicates the type of token that was assigned to the new process in accordance with User Account Control policy.

Type 1 is a full token with no privileges removed or groups disabled.  A full token is only used if User Account Control is disabled or if the user is the built-in Administrator account or a service account.

Type 2 is an elevated token with no privileges removed or groups disabled.  An elevated token is used when User Account Control is enabled and the user chooses to start the program using Run as administrator.  An elevated token is also used when an application is configured to always require administrative privilege or to always require maximum privilege, and the user is a member of the Administrators group.

Type 3 is a limited token with administrative privileges removed and administrative groups disabled.  The limited token is used when User Account Control is enabled, the application does not require administrative privilege, and the user does not choose to start the program using Run as administrator."
Audit Success,9/20/2025 16:15,Microsoft-Windows-Security-Auditing,4688,Process Creation,"A new process has been created.

Creator Subject:
	Security ID:		SYSTEM
	Account Name:		-
	Account Domain:		-
	Logon ID:		0x3E7

Target Subject:
	Security ID:		NULL SID
	Account Name:		-
	Account Domain:		-
	Logon ID:		0x0

Process Information:
	New Process ID:		0x124
	New Process Name:	C:\Windows\System32\smss.exe
	Token Elevation Type:	%%1936
	Mandatory Label:		Mandatory Label\System Mandatory Level
	Creator Process ID:	0x4
	Creator Process Name:	
	Process Command Line:	

Token Elevation Type indicates the type of token that was assigned to the new process in accordance with User Account Control policy.

Type 1 is a full token with no privileges removed or groups disabled.  A full token is only used if User Account Control is disabled or if the user is the built-in Administrator account or a service account.

Type 2 is an elevated token with no privileges removed or groups disabled.  An elevated token is used when User Account Control is enabled and the user chooses to start the program using Run as administrator.  An elevated token is also used when an application is configured to always require administrative privilege or to always require maximum privilege, and the user is a member of the Administrators group.

Type 3 is a limited token with administrative privileges removed and administrative groups disabled.  The limited token is used when User Account Control is enabled, the application does not require administrative privilege, and the user does not choose to start the program using Run as administrator."
Audit Success,9/20/2025 16:15,Microsoft-Windows-Security-Auditing,4688,Process Creation,"A new process has been created.

Creator Subject:
	Security ID:		SYSTEM
	Account Name:		-
	Account Domain:		-
	Logon ID:		0x3E7

Target Subject:
	Security ID:		NULL SID
	Account Name:		-
	Account Domain:		-
	Logon ID:		0x0

Process Information:
	New Process ID:		0x140
	New Process Name:	C:\Windows\System32\autochk.exe
	Token Elevation Type:	%%1936
	Mandatory Label:		Mandatory Label\System Mandatory Level
	Creator Process ID:	0x124
	Creator Process Name:	C:\Windows\System32\smss.exe
	Process Command Line:	

Token Elevation Type indicates the type of token that was assigned to the new process in accordance with User Account Control policy.

Type 1 is a full token with no privileges removed or groups disabled.  A full token is only used if User Account Control is disabled or if the user is the built-in Administrator account or a service account.

Type 2 is an elevated token with no privileges removed or groups disabled.  An elevated token is used when User Account Control is enabled and the user chooses to start the program using Run as administrator.  An elevated token is also used when an application is configured to always require administrative privilege or to always require maximum privilege, and the user is a member of the Administrators group.

Type 3 is a limited token with administrative privileges removed and administrative groups disabled.  The limited token is used when User Account Control is enabled, the application does not require administrative privilege, and the user does not choose to start the program using Run as administrator."
Audit Success,9/20/2025 16:15,Microsoft-Windows-Security-Auditing,4688,Process Creation,"A new process has been created.

Creator Subject:
	Security ID:		SYSTEM
	Account Name:		-
	Account Domain:		-
	Logon ID:		0x3E7

Target Subject:
	Security ID:		NULL SID
	Account Name:		-
	Account Domain:		-
	Logon ID:		0x0

Process Information:
	New Process ID:		0x178
	New Process Name:	C:\Windows\System32\smss.exe
	Token Elevation Type:	%%1936
	Mandatory Label:		Mandatory Label\System Mandatory Level
	Creator Process ID:	0x124
	Creator Process Name:	C:\Windows\System32\smss.exe
	Process Command Line:	

Token Elevation Type indicates the type of token that was assigned to the new process in accordance with User Account Control policy.

Type 1 is a full token with no privileges removed or groups disabled.  A full token is only used if User Account Control is disabled or if the user is the built-in Administrator account or a service account.

Type 2 is an elevated token with no privileges removed or groups disabled.  An elevated token is used when User Account Control is enabled and the user chooses to start the program using Run as administrator.  An elevated token is also used when an application is configured to always require administrative privilege or to always require maximum privilege, and the user is a member of the Administrators group.

Type 3 is a limited token with administrative privileges removed and administrative groups disabled.  The limited token is used when User Account Control is enabled, the application does not require administrative privilege, and the user does not choose to start the program using Run as administrator."
Audit Success,9/21/2025 0:22,Microsoft-Windows-Security-Auditing,4688,Process Creation,"A new process has been created.

Creator Subject:
	Security ID:		SYSTEM
	Account Name:		-
	Account Domain:		-
	Logon ID:		0x3E7

Target Subject:
	Security ID:		NULL SID
	Account Name:		-
	Account Domain:		-
	Logon ID:		0x0

Process Information:
	New Process ID:		0x25c
	New Process Name:	C:\Windows\System32\services.exe
	Token Elevation Type:	%%1936
	Mandatory Label:		Mandatory Label\System Mandatory Level
	Creator Process ID:	0x1e4
	Creator Process Name:	C:\Windows\System32\wininit.exe
	Process Command Line:	

Token Elevation Type indicates the type of token that was assigned to the new process in accordance with User Account Control policy.

Type 1 is a full token with no privileges removed or groups disabled.  A full token is only used if User Account Control is disabled or if the user is the built-in Administrator account or a service account.

Type 2 is an elevated token with no privileges removed or groups disabled.  An elevated token is used when User Account Control is enabled and the user chooses to start the program using Run as administrator.  An elevated token is also used when an application is configured to always require administrative privilege or to always require maximum privilege, and the user is a member of the Administrators group.

Type 3 is a limited token with administrative privileges removed and administrative groups disabled.  The limited token is used when User Account Control is enabled, the application does not require administrative privilege, and the user does not choose to start the program using Run as administrator."
Audit Success,9/21/2025 0:22,Microsoft-Windows-Security-Auditing,4688,Process Creation,"A new process has been created.

Creator Subject:
	Security ID:		SYSTEM
	Account Name:		-
	Account Domain:		-
	Logon ID:		0x3E7

Target Subject:
	Security ID:		NULL SID
	Account Name:		-
	Account Domain:		-
	Logon ID:		0x0

Process Information:
	New Process ID:		0x278
	New Process Name:	C:\Windows\System32\lsass.exe
	Token Elevation Type:	%%1936
	Mandatory Label:		Mandatory Label\System Mandatory Level
	Creator Process ID:	0x1e4
	Creator Process Name:	C:\Windows\System32\wininit.exe
	Process Command Line:	

Token Elevation Type indicates the type of token that was assigned to the new process in accordance with User Account Control policy.

Type 1 is a full token with no privileges removed or groups disabled.  A full token is only used if User Account Control is disabled or if the user is the built-in Administrator account or a service account.

Type 2 is an elevated token with no privileges removed or groups disabled.  An elevated token is used when User Account Control is enabled and the user chooses to start the program using Run as administrator.  An elevated token is also used when an application is configured to always require administrative privilege or to always require maximum privilege, and the user is a member of the Administrators group.

Type 3 is a limited token with administrative privileges removed and administrative groups disabled.  The limited token is used when User Account Control is enabled, the application does not require administrative privilege, and the user does not choose to start the program using Run as administrator."
Audit Success,9/20/2025 16:15,Microsoft-Windows-Security-Auditing,4688,Process Creation,"A new process has been created.

Creator Subject:
	Security ID:		SYSTEM
	Account Name:		-
	Account Domain:		-
	Logon ID:		0x3E7

Target Subject:
	Security ID:		NULL SID
	Account Name:		-
	Account Domain:		-
	Logon ID:		0x0

Process Information:
	New Process ID:		0x58
	New Process Name:	Registry
	Token Elevation Type:	%%1936
	Mandatory Label:		Mandatory Label\System Mandatory Level
	Creator Process ID:	0x4
	Creator Process Name:	
	Process Command Line:	

Token Elevation Type indicates the type of token that was assigned to the new process in accordance with User Account Control policy.

Type 1 is a full token with no privileges removed or groups disabled.  A full token is only used if User Account Control is disabled or if the user is the built-in Administrator account or a service account.

Type 2 is an elevated token with no privileges removed or groups disabled.  An elevated token is used when User Account Control is enabled and the user chooses to start the program using Run as administrator.  An elevated token is also used when an application is configured to always require administrative privilege or to always require maximum privilege, and the user is a member of the Administrators group.

Type 3 is a limited token with administrative privileges removed and administrative groups disabled.  The limited token is used when User Account Control is enabled, the application does not require administrative privilege, and the user does not choose to start the program using Run as administrator."
Audit Success,9/21/2025 0:22,Microsoft-Windows-Security-Auditing,4688,Process Creation,"A new process has been created.

Creator Subject:
	Security ID:		SYSTEM
	Account Name:		-
	Account Domain:		-
	Logon ID:		0x3E7

Target Subject:
	Security ID:		NULL SID
	Account Name:		-
	Account Domain:		-
	Logon ID:		0x0

Process Information:
	New Process ID:		0x124
	New Process Name:	C:\Windows\System32\smss.exe
	Token Elevation Type:	%%1936
	Mandatory Label:		Mandatory Label\System Mandatory Level
	Creator Process ID:	0x4
	Creator Process Name:	
	Process Command Line:	

Token Elevation Type indicates the type of token that was assigned to the new process in accordance with User Account Control policy.

Type 1 is a full token with no privileges removed or groups disabled.  A full token is only used if User Account Control is disabled or if the user is the built-in Administrator account or a service account.

Type 2 is an elevated token with no privileges removed or groups disabled.  An elevated token is used when User Account Control is enabled and the user chooses to start the program using Run as administrator.  An elevated token is also used when an application is configured to always require administrative privilege or to always require maximum privilege, and the user is a member of the Administrators group.

Type 3 is a limited token with administrative privileges removed and administrative groups disabled.  The limited token is used when User Account Control is enabled, the application does not require administrative privilege, and the user does not choose to start the program using Run as administrator."
Audit Success,9/19/2025 22:55,Microsoft-Windows-Security-Auditing,4688,Process Creation,"A new process has been created.

Creator Subject:
	Security ID:		SYSTEM
	Account Name:		-
	Account Domain:		-
	Logon ID:		0x3E7

Target Subject:
	Security ID:		NULL SID
	Account Name:		-
	Account Domain:		-
	Logon ID:		0x0

Process Information:
	New Process ID:		0x144
	New Process Name:	C:\Windows\System32\autochk.exe
	Token Elevation Type:	%%1936
	Mandatory Label:		Mandatory Label\System Mandatory Level
	Creator Process ID:	0x128
	Creator Process Name:	C:\Windows\System32\smss.exe
	Process Command Line:	

Token Elevation Type indicates the type of token that was assigned to the new process in accordance with User Account Control policy.

Type 1 is a full token with no privileges removed or groups disabled.  A full token is only used if User Account Control is disabled or if the user is the built-in Administrator account or a service account.

Type 2 is an elevated token with no privileges removed or groups disabled.  An elevated token is used when User Account Control is enabled and the user chooses to start the program using Run as administrator.  An elevated token is also used when an application is configured to always require administrative privilege or to always require maximum privilege, and the user is a member of the Administrators group.

Type 3 is a limited token with administrative privileges removed and administrative groups disabled.  The limited token is used when User Account Control is enabled, the application does not require administrative privilege, and the user does not choose to start the program using Run as administrator."
Audit Success,9/19/2025 22:55,Microsoft-Windows-Security-Auditing,4688,Process Creation,"A new process has been created.

Creator Subject:
	Security ID:		SYSTEM
	Account Name:		-
	Account Domain:		-
	Logon ID:		0x3E7

Target Subject:
	Security ID:		NULL SID
	Account Name:		-
	Account Domain:		-
	Logon ID:		0x0

Process Information:
	New Process ID:		0x17c
	New Process Name:	C:\Windows\System32\smss.exe
	Token Elevation Type:	%%1936
	Mandatory Label:		Mandatory Label\System Mandatory Level
	Creator Process ID:	0x128
	Creator Process Name:	C:\Windows\System32\smss.exe
	Process Command Line:	

Token Elevation Type indicates the type of token that was assigned to the new process in accordance with User Account Control policy.

Type 1 is a full token with no privileges removed or groups disabled.  A full token is only used if User Account Control is disabled or if the user is the built-in Administrator account or a service account.

Type 2 is an elevated token with no privileges removed or groups disabled.  An elevated token is used when User Account Control is enabled and the user chooses to start the program using Run as administrator.  An elevated token is also used when an application is configured to always require administrative privilege or to always require maximum privilege, and the user is a member of the Administrators group.

Type 3 is a limited token with administrative privileges removed and administrative groups disabled.  The limited token is used when User Account Control is enabled, the application does not require administrative privilege, and the user does not choose to start the program using Run as administrator."
Audit Success,9/19/2025 22:55,Microsoft-Windows-Security-Auditing,4688,Process Creation,"A new process has been created.

Creator Subject:
	Security ID:		SYSTEM
	Account Name:		-
	Account Domain:		-
	Logon ID:		0x3E7

Target Subject:
	Security ID:		NULL SID
	Account Name:		-
	Account Domain:		-
	Logon ID:		0x0

Process Information:
	New Process ID:		0x18c
	New Process Name:	C:\Windows\System32\csrss.exe
	Token Elevation Type:	%%1936
	Mandatory Label:		Mandatory Label\System Mandatory Level
	Creator Process ID:	0x17c
	Creator Process Name:	C:\Windows\System32\smss.exe
	Process Command Line:	

Token Elevation Type indicates the type of token that was assigned to the new process in accordance with User Account Control policy.

Type 1 is a full token with no privileges removed or groups disabled.  A full token is only used if User Account Control is disabled or if the user is the built-in Administrator account or a service account.

Type 2 is an elevated token with no privileges removed or groups disabled.  An elevated token is used when User Account Control is enabled and the user chooses to start the program using Run as administrator.  An elevated token is also used when an application is configured to always require administrative privilege or to always require maximum privilege, and the user is a member of the Administrators group.

Type 3 is a limited token with administrative privileges removed and administrative groups disabled.  The limited token is used when User Account Control is enabled, the application does not require administrative privilege, and the user does not choose to start the program using Run as administrator."
Audit Success,9/19/2025 21:36,Microsoft-Windows-Security-Auditing,4688,Process Creation,"A new process has been created.

Creator Subject:
	Security ID:		SYSTEM
	Account Name:		-
	Account Domain:		-
	Logon ID:		0x3E7

Target Subject:
	Security ID:		NULL SID
	Account Name:		-
	Account Domain:		-
	Logon ID:		0x0

Process Information:
	New Process ID:		0x270
	New Process Name:	C:\Windows\System32\lsass.exe
	Token Elevation Type:	%%1936
	Mandatory Label:		Mandatory Label\System Mandatory Level
	Creator Process ID:	0x1e8
	Creator Process Name:	C:\Windows\System32\wininit.exe
	Process Command Line:	

Token Elevation Type indicates the type of token that was assigned to the new process in accordance with User Account Control policy.

Type 1 is a full token with no privileges removed or groups disabled.  A full token is only used if User Account Control is disabled or if the user is the built-in Administrator account or a service account.

Type 2 is an elevated token with no privileges removed or groups disabled.  An elevated token is used when User Account Control is enabled and the user chooses to start the program using Run as administrator.  An elevated token is also used when an application is configured to always require administrative privilege or to always require maximum privilege, and the user is a member of the Administrators group.

Type 3 is a limited token with administrative privileges removed and administrative groups disabled.  The limited token is used when User Account Control is enabled, the application does not require administrative privilege, and the user does not choose to start the program using Run as administrator."
Audit Success,9/19/2025 22:55,Microsoft-Windows-Security-Auditing,4688,Process Creation,"A new process has been created.

Creator Subject:
	Security ID:		SYSTEM
	Account Name:		-
	Account Domain:		-
	Logon ID:		0x3E7

Target Subject:
	Security ID:		NULL SID
	Account Name:		-
	Account Domain:		-
	Logon ID:		0x0

Process Information:
	New Process ID:		0x58
	New Process Name:	Registry
	Token Elevation Type:	%%1936
	Mandatory Label:		Mandatory Label\System Mandatory Level
	Creator Process ID:	0x4
	Creator Process Name:	
	Process Command Line:	

Token Elevation Type indicates the type of token that was assigned to the new process in accordance with User Account Control policy.

Type 1 is a full token with no privileges removed or groups disabled.  A full token is only used if User Account Control is disabled or if the user is the built-in Administrator account or a service account.

Type 2 is an elevated token with no privileges removed or groups disabled.  An elevated token is used when User Account Control is enabled and the user chooses to start the program using Run as administrator.  An elevated token is also used when an application is configured to always require administrative privilege or to always require maximum privilege, and the user is a member of the Administrators group.

Type 3 is a limited token with administrative privileges removed and administrative groups disabled.  The limited token is used when User Account Control is enabled, the application does not require administrative privilege, and the user does not choose to start the program using Run as administrator."
Audit Success,9/19/2025 22:55,Microsoft-Windows-Security-Auditing,4688,Process Creation,"A new process has been created.

Creator Subject:
	Security ID:		SYSTEM
	Account Name:		-
	Account Domain:		-
	Logon ID:		0x3E7

Target Subject:
	Security ID:		NULL SID
	Account Name:		-
	Account Domain:		-
	Logon ID:		0x0

Process Information:
	New Process ID:		0x128
	New Process Name:	C:\Windows\System32\smss.exe
	Token Elevation Type:	%%1936
	Mandatory Label:		Mandatory Label\System Mandatory Level
	Creator Process ID:	0x4
	Creator Process Name:	
	Process Command Line:	

Token Elevation Type indicates the type of token that was assigned to the new process in accordance with User Account Control policy.

Type 1 is a full token with no privileges removed or groups disabled.  A full token is only used if User Account Control is disabled or if the user is the built-in Administrator account or a service account.

Type 2 is an elevated token with no privileges removed or groups disabled.  An elevated token is used when User Account Control is enabled and the user chooses to start the program using Run as administrator.  An elevated token is also used when an application is configured to always require administrative privilege or to always require maximum privilege, and the user is a member of the Administrators group.

Type 3 is a limited token with administrative privileges removed and administrative groups disabled.  The limited token is used when User Account Control is enabled, the application does not require administrative privilege, and the user does not choose to start the program using Run as administrator."
Audit Success,9/19/2025 22:55,Microsoft-Windows-Security-Auditing,4688,Process Creation,"A new process has been created.

Creator Subject:
	Security ID:		SYSTEM
	Account Name:		-
	Account Domain:		-
	Logon ID:		0x3E7

Target Subject:
	Security ID:		NULL SID
	Account Name:		-
	Account Domain:		-
	Logon ID:		0x0

Process Information:
	New Process ID:		0x1d0
	New Process Name:	C:\Windows\System32\smss.exe
	Token Elevation Type:	%%1936
	Mandatory Label:		Mandatory Label\System Mandatory Level
	Creator Process ID:	0x128
	Creator Process Name:	C:\Windows\System32\smss.exe
	Process Command Line:	

Token Elevation Type indicates the type of token that was assigned to the new process in accordance with User Account Control policy.

Type 1 is a full token with no privileges removed or groups disabled.  A full token is only used if User Account Control is disabled or if the user is the built-in Administrator account or a service account.

Type 2 is an elevated token with no privileges removed or groups disabled.  An elevated token is used when User Account Control is enabled and the user chooses to start the program using Run as administrator.  An elevated token is also used when an application is configured to always require administrative privilege or to always require maximum privilege, and the user is a member of the Administrators group.

Type 3 is a limited token with administrative privileges removed and administrative groups disabled.  The limited token is used when User Account Control is enabled, the application does not require administrative privilege, and the user does not choose to start the program using Run as administrator."
Audit Success,9/19/2025 22:55,Microsoft-Windows-Security-Auditing,4688,Process Creation,"A new process has been created.

Creator Subject:
	Security ID:		SYSTEM
	Account Name:		-
	Account Domain:		-
	Logon ID:		0x3E7

Target Subject:
	Security ID:		NULL SID
	Account Name:		-
	Account Domain:		-
	Logon ID:		0x0

Process Information:
	New Process ID:		0x260
	New Process Name:	C:\Windows\System32\services.exe
	Token Elevation Type:	%%1936
	Mandatory Label:		Mandatory Label\System Mandatory Level
	Creator Process ID:	0x1ec
	Creator Process Name:	C:\Windows\System32\wininit.exe
	Process Command Line:	

Token Elevation Type indicates the type of token that was assigned to the new process in accordance with User Account Control policy.

Type 1 is a full token with no privileges removed or groups disabled.  A full token is only used if User Account Control is disabled or if the user is the built-in Administrator account or a service account.

Type 2 is an elevated token with no privileges removed or groups disabled.  An elevated token is used when User Account Control is enabled and the user chooses to start the program using Run as administrator.  An elevated token is also used when an application is configured to always require administrative privilege or to always require maximum privilege, and the user is a member of the Administrators group.

Type 3 is a limited token with administrative privileges removed and administrative groups disabled.  The limited token is used when User Account Control is enabled, the application does not require administrative privilege, and the user does not choose to start the program using Run as administrator."
Audit Success,9/19/2025 22:55,Microsoft-Windows-Security-Auditing,4688,Process Creation,"A new process has been created.

Creator Subject:
	Security ID:		SYSTEM
	Account Name:		-
	Account Domain:		-
	Logon ID:		0x3E7

Target Subject:
	Security ID:		NULL SID
	Account Name:		-
	Account Domain:		-
	Logon ID:		0x0

Process Information:
	New Process ID:		0x274
	New Process Name:	C:\Windows\System32\lsass.exe
	Token Elevation Type:	%%1936
	Mandatory Label:		Mandatory Label\System Mandatory Level
	Creator Process ID:	0x1ec
	Creator Process Name:	C:\Windows\System32\wininit.exe
	Process Command Line:	

Token Elevation Type indicates the type of token that was assigned to the new process in accordance with User Account Control policy.

Type 1 is a full token with no privileges removed or groups disabled.  A full token is only used if User Account Control is disabled or if the user is the built-in Administrator account or a service account.

Type 2 is an elevated token with no privileges removed or groups disabled.  An elevated token is used when User Account Control is enabled and the user chooses to start the program using Run as administrator.  An elevated token is also used when an application is configured to always require administrative privilege or to always require maximum privilege, and the user is a member of the Administrators group.

Type 3 is a limited token with administrative privileges removed and administrative groups disabled.  The limited token is used when User Account Control is enabled, the application does not require administrative privilege, and the user does not choose to start the program using Run as administrator."
Audit Success,9/21/2025 0:22,Microsoft-Windows-Security-Auditing,4688,Process Creation,"A new process has been created.

Creator Subject:
	Security ID:		SYSTEM
	Account Name:		-
	Account Domain:		-
	Logon ID:		0x3E7

Target Subject:
	Security ID:		NULL SID
	Account Name:		-
	Account Domain:		-
	Logon ID:		0x0

Process Information:
	New Process ID:		0x58
	New Process Name:	Registry
	Token Elevation Type:	%%1936
	Mandatory Label:		Mandatory Label\System Mandatory Level
	Creator Process ID:	0x4
	Creator Process Name:	
	Process Command Line:	

Token Elevation Type indicates the type of token that was assigned to the new process in accordance with User Account Control policy.

Type 1 is a full token with no privileges removed or groups disabled.  A full token is only used if User Account Control is disabled or if the user is the built-in Administrator account or a service account.

Type 2 is an elevated token with no privileges removed or groups disabled.  An elevated token is used when User Account Control is enabled and the user chooses to start the program using Run as administrator.  An elevated token is also used when an application is configured to always require administrative privilege or to always require maximum privilege, and the user is a member of the Administrators group.

Type 3 is a limited token with administrative privileges removed and administrative groups disabled.  The limited token is used when User Account Control is enabled, the application does not require administrative privilege, and the user does not choose to start the program using Run as administrator."
Audit Success,9/19/2025 22:55,Microsoft-Windows-Security-Auditing,4688,Process Creation,"A new process has been created.

Creator Subject:
	Security ID:		SYSTEM
	Account Name:		-
	Account Domain:		-
	Logon ID:		0x3E7

Target Subject:
	Security ID:		NULL SID
	Account Name:		-
	Account Domain:		-
	Logon ID:		0x0

Process Information:
	New Process ID:		0x1d8
	New Process Name:	C:\Windows\System32\csrss.exe
	Token Elevation Type:	%%1936
	Mandatory Label:		Mandatory Label\System Mandatory Level
	Creator Process ID:	0x1d0
	Creator Process Name:	C:\Windows\System32\smss.exe
	Process Command Line:	

Token Elevation Type indicates the type of token that was assigned to the new process in accordance with User Account Control policy.

Type 1 is a full token with no privileges removed or groups disabled.  A full token is only used if User Account Control is disabled or if the user is the built-in Administrator account or a service account.

Type 2 is an elevated token with no privileges removed or groups disabled.  An elevated token is used when User Account Control is enabled and the user chooses to start the program using Run as administrator.  An elevated token is also used when an application is configured to always require administrative privilege or to always require maximum privilege, and the user is a member of the Administrators group.

Type 3 is a limited token with administrative privileges removed and administrative groups disabled.  The limited token is used when User Account Control is enabled, the application does not require administrative privilege, and the user does not choose to start the program using Run as administrator."
Audit Success,9/19/2025 22:55,Microsoft-Windows-Security-Auditing,4688,Process Creation,"A new process has been created.

Creator Subject:
	Security ID:		SYSTEM
	Account Name:		-
	Account Domain:		-
	Logon ID:		0x3E7

Target Subject:
	Security ID:		NULL SID
	Account Name:		-
	Account Domain:		-
	Logon ID:		0x0

Process Information:
	New Process ID:		0x1ec
	New Process Name:	C:\Windows\System32\wininit.exe
	Token Elevation Type:	%%1936
	Mandatory Label:		Mandatory Label\System Mandatory Level
	Creator Process ID:	0x17c
	Creator Process Name:	C:\Windows\System32\smss.exe
	Process Command Line:	

Token Elevation Type indicates the type of token that was assigned to the new process in accordance with User Account Control policy.

Type 1 is a full token with no privileges removed or groups disabled.  A full token is only used if User Account Control is disabled or if the user is the built-in Administrator account or a service account.

Type 2 is an elevated token with no privileges removed or groups disabled.  An elevated token is used when User Account Control is enabled and the user chooses to start the program using Run as administrator.  An elevated token is also used when an application is configured to always require administrative privilege or to always require maximum privilege, and the user is a member of the Administrators group.

Type 3 is a limited token with administrative privileges removed and administrative groups disabled.  The limited token is used when User Account Control is enabled, the application does not require administrative privilege, and the user does not choose to start the program using Run as administrator."
Audit Success,9/19/2025 22:55,Microsoft-Windows-Security-Auditing,4688,Process Creation,"A new process has been created.

Creator Subject:
	Security ID:		SYSTEM
	Account Name:		-
	Account Domain:		-
	Logon ID:		0x3E7

Target Subject:
	Security ID:		NULL SID
	Account Name:		-
	Account Domain:		-
	Logon ID:		0x0

Process Information:
	New Process ID:		0x210
	New Process Name:	C:\Windows\System32\winlogon.exe
	Token Elevation Type:	%%1936
	Mandatory Label:		Mandatory Label\System Mandatory Level
	Creator Process ID:	0x1d0
	Creator Process Name:	C:\Windows\System32\smss.exe
	Process Command Line:	

Token Elevation Type indicates the type of token that was assigned to the new process in accordance with User Account Control policy.

Type 1 is a full token with no privileges removed or groups disabled.  A full token is only used if User Account Control is disabled or if the user is the built-in Administrator account or a service account.

Type 2 is an elevated token with no privileges removed or groups disabled.  An elevated token is used when User Account Control is enabled and the user chooses to start the program using Run as administrator.  An elevated token is also used when an application is configured to always require administrative privilege or to always require maximum privilege, and the user is a member of the Administrators group.

Type 3 is a limited token with administrative privileges removed and administrative groups disabled.  The limited token is used when User Account Control is enabled, the application does not require administrative privilege, and the user does not choose to start the program using Run as administrator."
Audit Success,9/23/2025 5:25,Microsoft-Windows-Security-Auditing,4688,Process Creation,"A new process has been created.

Creator Subject:
	Security ID:		SYSTEM
	Account Name:		-
	Account Domain:		-
	Logon ID:		0x3E7

Target Subject:
	Security ID:		NULL SID
	Account Name:		-
	Account Domain:		-
	Logon ID:		0x0

Process Information:
	New Process ID:		0x278
	New Process Name:	C:\Windows\System32\lsass.exe
	Token Elevation Type:	%%1936
	Mandatory Label:		Mandatory Label\System Mandatory Level
	Creator Process ID:	0x1fc
	Creator Process Name:	C:\Windows\System32\wininit.exe
	Process Command Line:	

Token Elevation Type indicates the type of token that was assigned to the new process in accordance with User Account Control policy.

Type 1 is a full token with no privileges removed or groups disabled.  A full token is only used if User Account Control is disabled or if the user is the built-in Administrator account or a service account.

Type 2 is an elevated token with no privileges removed or groups disabled.  An elevated token is used when User Account Control is enabled and the user chooses to start the program using Run as administrator.  An elevated token is also used when an application is configured to always require administrative privilege or to always require maximum privilege, and the user is a member of the Administrators group.

Type 3 is a limited token with administrative privileges removed and administrative groups disabled.  The limited token is used when User Account Control is enabled, the application does not require administrative privilege, and the user does not choose to start the program using Run as administrator."
Audit Success,9/22/2025 21:02,Microsoft-Windows-Security-Auditing,4688,Process Creation,"A new process has been created.

Creator Subject:
	Security ID:		SYSTEM
	Account Name:		-
	Account Domain:		-
	Logon ID:		0x3E7

Target Subject:
	Security ID:		NULL SID
	Account Name:		-
	Account Domain:		-
	Logon ID:		0x0

Process Information:
	New Process ID:		0x58
	New Process Name:	Registry
	Token Elevation Type:	%%1936
	Mandatory Label:		Mandatory Label\System Mandatory Level
	Creator Process ID:	0x4
	Creator Process Name:	
	Process Command Line:	

Token Elevation Type indicates the type of token that was assigned to the new process in accordance with User Account Control policy.

Type 1 is a full token with no privileges removed or groups disabled.  A full token is only used if User Account Control is disabled or if the user is the built-in Administrator account or a service account.

Type 2 is an elevated token with no privileges removed or groups disabled.  An elevated token is used when User Account Control is enabled and the user chooses to start the program using Run as administrator.  An elevated token is also used when an application is configured to always require administrative privilege or to always require maximum privilege, and the user is a member of the Administrators group.

Type 3 is a limited token with administrative privileges removed and administrative groups disabled.  The limited token is used when User Account Control is enabled, the application does not require administrative privilege, and the user does not choose to start the program using Run as administrator."
Audit Success,9/22/2025 21:02,Microsoft-Windows-Security-Auditing,4688,Process Creation,"A new process has been created.

Creator Subject:
	Security ID:		SYSTEM
	Account Name:		-
	Account Domain:		-
	Logon ID:		0x3E7

Target Subject:
	Security ID:		NULL SID
	Account Name:		-
	Account Domain:		-
	Logon ID:		0x0

Process Information:
	New Process ID:		0x124
	New Process Name:	C:\Windows\System32\smss.exe
	Token Elevation Type:	%%1936
	Mandatory Label:		Mandatory Label\System Mandatory Level
	Creator Process ID:	0x4
	Creator Process Name:	
	Process Command Line:	

Token Elevation Type indicates the type of token that was assigned to the new process in accordance with User Account Control policy.

Type 1 is a full token with no privileges removed or groups disabled.  A full token is only used if User Account Control is disabled or if the user is the built-in Administrator account or a service account.

Type 2 is an elevated token with no privileges removed or groups disabled.  An elevated token is used when User Account Control is enabled and the user chooses to start the program using Run as administrator.  An elevated token is also used when an application is configured to always require administrative privilege or to always require maximum privilege, and the user is a member of the Administrators group.

Type 3 is a limited token with administrative privileges removed and administrative groups disabled.  The limited token is used when User Account Control is enabled, the application does not require administrative privilege, and the user does not choose to start the program using Run as administrator."
Audit Success,9/23/2025 5:25,Microsoft-Windows-Security-Auditing,4688,Process Creation,"A new process has been created.

Creator Subject:
	Security ID:		SYSTEM
	Account Name:		-
	Account Domain:		-
	Logon ID:		0x3E7

Target Subject:
	Security ID:		NULL SID
	Account Name:		-
	Account Domain:		-
	Logon ID:		0x0

Process Information:
	New Process ID:		0x1fc
	New Process Name:	C:\Windows\System32\wininit.exe
	Token Elevation Type:	%%1936
	Mandatory Label:		Mandatory Label\System Mandatory Level
	Creator Process ID:	0x18c
	Creator Process Name:	C:\Windows\System32\smss.exe
	Process Command Line:	

Token Elevation Type indicates the type of token that was assigned to the new process in accordance with User Account Control policy.

Type 1 is a full token with no privileges removed or groups disabled.  A full token is only used if User Account Control is disabled or if the user is the built-in Administrator account or a service account.

Type 2 is an elevated token with no privileges removed or groups disabled.  An elevated token is used when User Account Control is enabled and the user chooses to start the program using Run as administrator.  An elevated token is also used when an application is configured to always require administrative privilege or to always require maximum privilege, and the user is a member of the Administrators group.

Type 3 is a limited token with administrative privileges removed and administrative groups disabled.  The limited token is used when User Account Control is enabled, the application does not require administrative privilege, and the user does not choose to start the program using Run as administrator."
Audit Success,9/23/2025 5:25,Microsoft-Windows-Security-Auditing,4688,Process Creation,"A new process has been created.

Creator Subject:
	Security ID:		SYSTEM
	Account Name:		-
	Account Domain:		-
	Logon ID:		0x3E7

Target Subject:
	Security ID:		NULL SID
	Account Name:		-
	Account Domain:		-
	Logon ID:		0x0

Process Information:
	New Process ID:		0x220
	New Process Name:	C:\Windows\System32\winlogon.exe
	Token Elevation Type:	%%1936
	Mandatory Label:		Mandatory Label\System Mandatory Level
	Creator Process ID:	0x1dc
	Creator Process Name:	C:\Windows\System32\smss.exe
	Process Command Line:	

Token Elevation Type indicates the type of token that was assigned to the new process in accordance with User Account Control policy.

Type 1 is a full token with no privileges removed or groups disabled.  A full token is only used if User Account Control is disabled or if the user is the built-in Administrator account or a service account.

Type 2 is an elevated token with no privileges removed or groups disabled.  An elevated token is used when User Account Control is enabled and the user chooses to start the program using Run as administrator.  An elevated token is also used when an application is configured to always require administrative privilege or to always require maximum privilege, and the user is a member of the Administrators group.

Type 3 is a limited token with administrative privileges removed and administrative groups disabled.  The limited token is used when User Account Control is enabled, the application does not require administrative privilege, and the user does not choose to start the program using Run as administrator."
Audit Success,9/23/2025 5:25,Microsoft-Windows-Security-Auditing,4688,Process Creation,"A new process has been created.

Creator Subject:
	Security ID:		SYSTEM
	Account Name:		-
	Account Domain:		-
	Logon ID:		0x3E7

Target Subject:
	Security ID:		NULL SID
	Account Name:		-
	Account Domain:		-
	Logon ID:		0x0

Process Information:
	New Process ID:		0x270
	New Process Name:	C:\Windows\System32\services.exe
	Token Elevation Type:	%%1936
	Mandatory Label:		Mandatory Label\System Mandatory Level
	Creator Process ID:	0x1fc
	Creator Process Name:	C:\Windows\System32\wininit.exe
	Process Command Line:	

Token Elevation Type indicates the type of token that was assigned to the new process in accordance with User Account Control policy.

Type 1 is a full token with no privileges removed or groups disabled.  A full token is only used if User Account Control is disabled or if the user is the built-in Administrator account or a service account.

Type 2 is an elevated token with no privileges removed or groups disabled.  An elevated token is used when User Account Control is enabled and the user chooses to start the program using Run as administrator.  An elevated token is also used when an application is configured to always require administrative privilege or to always require maximum privilege, and the user is a member of the Administrators group.

Type 3 is a limited token with administrative privileges removed and administrative groups disabled.  The limited token is used when User Account Control is enabled, the application does not require administrative privilege, and the user does not choose to start the program using Run as administrator."
Audit Success,9/22/2025 21:02,Microsoft-Windows-Security-Auditing,4688,Process Creation,"A new process has been created.

Creator Subject:
	Security ID:		SYSTEM
	Account Name:		-
	Account Domain:		-
	Logon ID:		0x3E7

Target Subject:
	Security ID:		NULL SID
	Account Name:		-
	Account Domain:		-
	Logon ID:		0x0

Process Information:
	New Process ID:		0x140
	New Process Name:	C:\Windows\System32\autochk.exe
	Token Elevation Type:	%%1936
	Mandatory Label:		Mandatory Label\System Mandatory Level
	Creator Process ID:	0x124
	Creator Process Name:	C:\Windows\System32\smss.exe
	Process Command Line:	

Token Elevation Type indicates the type of token that was assigned to the new process in accordance with User Account Control policy.

Type 1 is a full token with no privileges removed or groups disabled.  A full token is only used if User Account Control is disabled or if the user is the built-in Administrator account or a service account.

Type 2 is an elevated token with no privileges removed or groups disabled.  An elevated token is used when User Account Control is enabled and the user chooses to start the program using Run as administrator.  An elevated token is also used when an application is configured to always require administrative privilege or to always require maximum privilege, and the user is a member of the Administrators group.

Type 3 is a limited token with administrative privileges removed and administrative groups disabled.  The limited token is used when User Account Control is enabled, the application does not require administrative privilege, and the user does not choose to start the program using Run as administrator."
Audit Success,9/22/2025 21:02,Microsoft-Windows-Security-Auditing,4688,Process Creation,"A new process has been created.

Creator Subject:
	Security ID:		SYSTEM
	Account Name:		-
	Account Domain:		-
	Logon ID:		0x3E7

Target Subject:
	Security ID:		NULL SID
	Account Name:		-
	Account Domain:		-
	Logon ID:		0x0

Process Information:
	New Process ID:		0x1e0
	New Process Name:	C:\Windows\System32\csrss.exe
	Token Elevation Type:	%%1936
	Mandatory Label:		Mandatory Label\System Mandatory Level
	Creator Process ID:	0x1d8
	Creator Process Name:	C:\Windows\System32\smss.exe
	Process Command Line:	

Token Elevation Type indicates the type of token that was assigned to the new process in accordance with User Account Control policy.

Type 1 is a full token with no privileges removed or groups disabled.  A full token is only used if User Account Control is disabled or if the user is the built-in Administrator account or a service account.

Type 2 is an elevated token with no privileges removed or groups disabled.  An elevated token is used when User Account Control is enabled and the user chooses to start the program using Run as administrator.  An elevated token is also used when an application is configured to always require administrative privilege or to always require maximum privilege, and the user is a member of the Administrators group.

Type 3 is a limited token with administrative privileges removed and administrative groups disabled.  The limited token is used when User Account Control is enabled, the application does not require administrative privilege, and the user does not choose to start the program using Run as administrator."
Audit Success,9/22/2025 21:02,Microsoft-Windows-Security-Auditing,4688,Process Creation,"A new process has been created.

Creator Subject:
	Security ID:		SYSTEM
	Account Name:		-
	Account Domain:		-
	Logon ID:		0x3E7

Target Subject:
	Security ID:		NULL SID
	Account Name:		-
	Account Domain:		-
	Logon ID:		0x0

Process Information:
	New Process ID:		0x1f8
	New Process Name:	C:\Windows\System32\wininit.exe
	Token Elevation Type:	%%1936
	Mandatory Label:		Mandatory Label\System Mandatory Level
	Creator Process ID:	0x180
	Creator Process Name:	C:\Windows\System32\smss.exe
	Process Command Line:	

Token Elevation Type indicates the type of token that was assigned to the new process in accordance with User Account Control policy.

Type 1 is a full token with no privileges removed or groups disabled.  A full token is only used if User Account Control is disabled or if the user is the built-in Administrator account or a service account.

Type 2 is an elevated token with no privileges removed or groups disabled.  An elevated token is used when User Account Control is enabled and the user chooses to start the program using Run as administrator.  An elevated token is also used when an application is configured to always require administrative privilege or to always require maximum privilege, and the user is a member of the Administrators group.

Type 3 is a limited token with administrative privileges removed and administrative groups disabled.  The limited token is used when User Account Control is enabled, the application does not require administrative privilege, and the user does not choose to start the program using Run as administrator."
Audit Success,9/22/2025 21:02,Microsoft-Windows-Security-Auditing,4688,Process Creation,"A new process has been created.

Creator Subject:
	Security ID:		SYSTEM
	Account Name:		-
	Account Domain:		-
	Logon ID:		0x3E7

Target Subject:
	Security ID:		NULL SID
	Account Name:		-
	Account Domain:		-
	Logon ID:		0x0

Process Information:
	New Process ID:		0x224
	New Process Name:	C:\Windows\System32\winlogon.exe
	Token Elevation Type:	%%1936
	Mandatory Label:		Mandatory Label\System Mandatory Level
	Creator Process ID:	0x1d8
	Creator Process Name:	C:\Windows\System32\smss.exe
	Process Command Line:	

Token Elevation Type indicates the type of token that was assigned to the new process in accordance with User Account Control policy.

Type 1 is a full token with no privileges removed or groups disabled.  A full token is only used if User Account Control is disabled or if the user is the built-in Administrator account or a service account.

Type 2 is an elevated token with no privileges removed or groups disabled.  An elevated token is used when User Account Control is enabled and the user chooses to start the program using Run as administrator.  An elevated token is also used when an application is configured to always require administrative privilege or to always require maximum privilege, and the user is a member of the Administrators group.

Type 3 is a limited token with administrative privileges removed and administrative groups disabled.  The limited token is used when User Account Control is enabled, the application does not require administrative privilege, and the user does not choose to start the program using Run as administrator."
Audit Success,9/22/2025 21:02,Microsoft-Windows-Security-Auditing,4688,Process Creation,"A new process has been created.

Creator Subject:
	Security ID:		SYSTEM
	Account Name:		-
	Account Domain:		-
	Logon ID:		0x3E7

Target Subject:
	Security ID:		NULL SID
	Account Name:		-
	Account Domain:		-
	Logon ID:		0x0

Process Information:
	New Process ID:		0x180
	New Process Name:	C:\Windows\System32\smss.exe
	Token Elevation Type:	%%1936
	Mandatory Label:		Mandatory Label\System Mandatory Level
	Creator Process ID:	0x124
	Creator Process Name:	C:\Windows\System32\smss.exe
	Process Command Line:	

Token Elevation Type indicates the type of token that was assigned to the new process in accordance with User Account Control policy.

Type 1 is a full token with no privileges removed or groups disabled.  A full token is only used if User Account Control is disabled or if the user is the built-in Administrator account or a service account.

Type 2 is an elevated token with no privileges removed or groups disabled.  An elevated token is used when User Account Control is enabled and the user chooses to start the program using Run as administrator.  An elevated token is also used when an application is configured to always require administrative privilege or to always require maximum privilege, and the user is a member of the Administrators group.

Type 3 is a limited token with administrative privileges removed and administrative groups disabled.  The limited token is used when User Account Control is enabled, the application does not require administrative privilege, and the user does not choose to start the program using Run as administrator."
Audit Success,9/22/2025 21:02,Microsoft-Windows-Security-Auditing,4688,Process Creation,"A new process has been created.

Creator Subject:
	Security ID:		SYSTEM
	Account Name:		-
	Account Domain:		-
	Logon ID:		0x3E7

Target Subject:
	Security ID:		NULL SID
	Account Name:		-
	Account Domain:		-
	Logon ID:		0x0

Process Information:
	New Process ID:		0x188
	New Process Name:	C:\Windows\System32\csrss.exe
	Token Elevation Type:	%%1936
	Mandatory Label:		Mandatory Label\System Mandatory Level
	Creator Process ID:	0x180
	Creator Process Name:	C:\Windows\System32\smss.exe
	Process Command Line:	

Token Elevation Type indicates the type of token that was assigned to the new process in accordance with User Account Control policy.

Type 1 is a full token with no privileges removed or groups disabled.  A full token is only used if User Account Control is disabled or if the user is the built-in Administrator account or a service account.

Type 2 is an elevated token with no privileges removed or groups disabled.  An elevated token is used when User Account Control is enabled and the user chooses to start the program using Run as administrator.  An elevated token is also used when an application is configured to always require administrative privilege or to always require maximum privilege, and the user is a member of the Administrators group.

Type 3 is a limited token with administrative privileges removed and administrative groups disabled.  The limited token is used when User Account Control is enabled, the application does not require administrative privilege, and the user does not choose to start the program using Run as administrator."
Audit Success,9/22/2025 21:02,Microsoft-Windows-Security-Auditing,4688,Process Creation,"A new process has been created.

Creator Subject:
	Security ID:		SYSTEM
	Account Name:		-
	Account Domain:		-
	Logon ID:		0x3E7

Target Subject:
	Security ID:		NULL SID
	Account Name:		-
	Account Domain:		-
	Logon ID:		0x0

Process Information:
	New Process ID:		0x1d8
	New Process Name:	C:\Windows\System32\smss.exe
	Token Elevation Type:	%%1936
	Mandatory Label:		Mandatory Label\System Mandatory Level
	Creator Process ID:	0x124
	Creator Process Name:	C:\Windows\System32\smss.exe
	Process Command Line:	

Token Elevation Type indicates the type of token that was assigned to the new process in accordance with User Account Control policy.

Type 1 is a full token with no privileges removed or groups disabled.  A full token is only used if User Account Control is disabled or if the user is the built-in Administrator account or a service account.

Type 2 is an elevated token with no privileges removed or groups disabled.  An elevated token is used when User Account Control is enabled and the user chooses to start the program using Run as administrator.  An elevated token is also used when an application is configured to always require administrative privilege or to always require maximum privilege, and the user is a member of the Administrators group.

Type 3 is a limited token with administrative privileges removed and administrative groups disabled.  The limited token is used when User Account Control is enabled, the application does not require administrative privilege, and the user does not choose to start the program using Run as administrator."
Audit Success,9/23/2025 5:25,Microsoft-Windows-Security-Auditing,4688,Process Creation,"A new process has been created.

Creator Subject:
	Security ID:		SYSTEM
	Account Name:		-
	Account Domain:		-
	Logon ID:		0x3E7

Target Subject:
	Security ID:		NULL SID
	Account Name:		-
	Account Domain:		-
	Logon ID:		0x0

Process Information:
	New Process ID:		0x1e4
	New Process Name:	C:\Windows\System32\csrss.exe
	Token Elevation Type:	%%1936
	Mandatory Label:		Mandatory Label\System Mandatory Level
	Creator Process ID:	0x1dc
	Creator Process Name:	C:\Windows\System32\smss.exe
	Process Command Line:	

Token Elevation Type indicates the type of token that was assigned to the new process in accordance with User Account Control policy.

Type 1 is a full token with no privileges removed or groups disabled.  A full token is only used if User Account Control is disabled or if the user is the built-in Administrator account or a service account.

Type 2 is an elevated token with no privileges removed or groups disabled.  An elevated token is used when User Account Control is enabled and the user chooses to start the program using Run as administrator.  An elevated token is also used when an application is configured to always require administrative privilege or to always require maximum privilege, and the user is a member of the Administrators group.

Type 3 is a limited token with administrative privileges removed and administrative groups disabled.  The limited token is used when User Account Control is enabled, the application does not require administrative privilege, and the user does not choose to start the program using Run as administrator."
Audit Success,9/20/2025 16:15,Microsoft-Windows-Security-Auditing,4688,Process Creation,"A new process has been created.

Creator Subject:
	Security ID:		SYSTEM
	Account Name:		-
	Account Domain:		-
	Logon ID:		0x3E7

Target Subject:
	Security ID:		NULL SID
	Account Name:		-
	Account Domain:		-
	Logon ID:		0x0

Process Information:
	New Process ID:		0x1e4
	New Process Name:	C:\Windows\System32\wininit.exe
	Token Elevation Type:	%%1936
	Mandatory Label:		Mandatory Label\System Mandatory Level
	Creator Process ID:	0x178
	Creator Process Name:	C:\Windows\System32\smss.exe
	Process Command Line:	

Token Elevation Type indicates the type of token that was assigned to the new process in accordance with User Account Control policy.

Type 1 is a full token with no privileges removed or groups disabled.  A full token is only used if User Account Control is disabled or if the user is the built-in Administrator account or a service account.

Type 2 is an elevated token with no privileges removed or groups disabled.  An elevated token is used when User Account Control is enabled and the user chooses to start the program using Run as administrator.  An elevated token is also used when an application is configured to always require administrative privilege or to always require maximum privilege, and the user is a member of the Administrators group.

Type 3 is a limited token with administrative privileges removed and administrative groups disabled.  The limited token is used when User Account Control is enabled, the application does not require administrative privilege, and the user does not choose to start the program using Run as administrator."
Audit Success,9/20/2025 16:15,Microsoft-Windows-Security-Auditing,4688,Process Creation,"A new process has been created.

Creator Subject:
	Security ID:		SYSTEM
	Account Name:		-
	Account Domain:		-
	Logon ID:		0x3E7

Target Subject:
	Security ID:		NULL SID
	Account Name:		-
	Account Domain:		-
	Logon ID:		0x0

Process Information:
	New Process ID:		0x208
	New Process Name:	C:\Windows\System32\winlogon.exe
	Token Elevation Type:	%%1936
	Mandatory Label:		Mandatory Label\System Mandatory Level
	Creator Process ID:	0x1c4
	Creator Process Name:	C:\Windows\System32\smss.exe
	Process Command Line:	

Token Elevation Type indicates the type of token that was assigned to the new process in accordance with User Account Control policy.

Type 1 is a full token with no privileges removed or groups disabled.  A full token is only used if User Account Control is disabled or if the user is the built-in Administrator account or a service account.

Type 2 is an elevated token with no privileges removed or groups disabled.  An elevated token is used when User Account Control is enabled and the user chooses to start the program using Run as administrator.  An elevated token is also used when an application is configured to always require administrative privilege or to always require maximum privilege, and the user is a member of the Administrators group.

Type 3 is a limited token with administrative privileges removed and administrative groups disabled.  The limited token is used when User Account Control is enabled, the application does not require administrative privilege, and the user does not choose to start the program using Run as administrator."
Audit Success,9/20/2025 16:15,Microsoft-Windows-Security-Auditing,4688,Process Creation,"A new process has been created.

Creator Subject:
	Security ID:		SYSTEM
	Account Name:		-
	Account Domain:		-
	Logon ID:		0x3E7

Target Subject:
	Security ID:		NULL SID
	Account Name:		-
	Account Domain:		-
	Logon ID:		0x0

Process Information:
	New Process ID:		0x258
	New Process Name:	C:\Windows\System32\services.exe
	Token Elevation Type:	%%1936
	Mandatory Label:		Mandatory Label\System Mandatory Level
	Creator Process ID:	0x1e4
	Creator Process Name:	C:\Windows\System32\wininit.exe
	Process Command Line:	

Token Elevation Type indicates the type of token that was assigned to the new process in accordance with User Account Control policy.

Type 1 is a full token with no privileges removed or groups disabled.  A full token is only used if User Account Control is disabled or if the user is the built-in Administrator account or a service account.

Type 2 is an elevated token with no privileges removed or groups disabled.  An elevated token is used when User Account Control is enabled and the user chooses to start the program using Run as administrator.  An elevated token is also used when an application is configured to always require administrative privilege or to always require maximum privilege, and the user is a member of the Administrators group.

Type 3 is a limited token with administrative privileges removed and administrative groups disabled.  The limited token is used when User Account Control is enabled, the application does not require administrative privilege, and the user does not choose to start the program using Run as administrator."
Audit Success,9/20/2025 16:15,Microsoft-Windows-Security-Auditing,4688,Process Creation,"A new process has been created.

Creator Subject:
	Security ID:		SYSTEM
	Account Name:		-
	Account Domain:		-
	Logon ID:		0x3E7

Target Subject:
	Security ID:		NULL SID
	Account Name:		-
	Account Domain:		-
	Logon ID:		0x0

Process Information:
	New Process ID:		0x180
	New Process Name:	C:\Windows\System32\csrss.exe
	Token Elevation Type:	%%1936
	Mandatory Label:		Mandatory Label\System Mandatory Level
	Creator Process ID:	0x178
	Creator Process Name:	C:\Windows\System32\smss.exe
	Process Command Line:	

Token Elevation Type indicates the type of token that was assigned to the new process in accordance with User Account Control policy.

Type 1 is a full token with no privileges removed or groups disabled.  A full token is only used if User Account Control is disabled or if the user is the built-in Administrator account or a service account.

Type 2 is an elevated token with no privileges removed or groups disabled.  An elevated token is used when User Account Control is enabled and the user chooses to start the program using Run as administrator.  An elevated token is also used when an application is configured to always require administrative privilege or to always require maximum privilege, and the user is a member of the Administrators group.

Type 3 is a limited token with administrative privileges removed and administrative groups disabled.  The limited token is used when User Account Control is enabled, the application does not require administrative privilege, and the user does not choose to start the program using Run as administrator."
Audit Success,9/20/2025 16:15,Microsoft-Windows-Security-Auditing,4688,Process Creation,"A new process has been created.

Creator Subject:
	Security ID:		SYSTEM
	Account Name:		-
	Account Domain:		-
	Logon ID:		0x3E7

Target Subject:
	Security ID:		NULL SID
	Account Name:		-
	Account Domain:		-
	Logon ID:		0x0

Process Information:
	New Process ID:		0x1c4
	New Process Name:	C:\Windows\System32\smss.exe
	Token Elevation Type:	%%1936
	Mandatory Label:		Mandatory Label\System Mandatory Level
	Creator Process ID:	0x124
	Creator Process Name:	C:\Windows\System32\smss.exe
	Process Command Line:	

Token Elevation Type indicates the type of token that was assigned to the new process in accordance with User Account Control policy.

Type 1 is a full token with no privileges removed or groups disabled.  A full token is only used if User Account Control is disabled or if the user is the built-in Administrator account or a service account.

Type 2 is an elevated token with no privileges removed or groups disabled.  An elevated token is used when User Account Control is enabled and the user chooses to start the program using Run as administrator.  An elevated token is also used when an application is configured to always require administrative privilege or to always require maximum privilege, and the user is a member of the Administrators group.

Type 3 is a limited token with administrative privileges removed and administrative groups disabled.  The limited token is used when User Account Control is enabled, the application does not require administrative privilege, and the user does not choose to start the program using Run as administrator."
Audit Success,9/20/2025 16:15,Microsoft-Windows-Security-Auditing,4688,Process Creation,"A new process has been created.

Creator Subject:
	Security ID:		SYSTEM
	Account Name:		-
	Account Domain:		-
	Logon ID:		0x3E7

Target Subject:
	Security ID:		NULL SID
	Account Name:		-
	Account Domain:		-
	Logon ID:		0x0

Process Information:
	New Process ID:		0x1cc
	New Process Name:	C:\Windows\System32\csrss.exe
	Token Elevation Type:	%%1936
	Mandatory Label:		Mandatory Label\System Mandatory Level
	Creator Process ID:	0x1c4
	Creator Process Name:	C:\Windows\System32\smss.exe
	Process Command Line:	

Token Elevation Type indicates the type of token that was assigned to the new process in accordance with User Account Control policy.

Type 1 is a full token with no privileges removed or groups disabled.  A full token is only used if User Account Control is disabled or if the user is the built-in Administrator account or a service account.

Type 2 is an elevated token with no privileges removed or groups disabled.  An elevated token is used when User Account Control is enabled and the user chooses to start the program using Run as administrator.  An elevated token is also used when an application is configured to always require administrative privilege or to always require maximum privilege, and the user is a member of the Administrators group.

Type 3 is a limited token with administrative privileges removed and administrative groups disabled.  The limited token is used when User Account Control is enabled, the application does not require administrative privilege, and the user does not choose to start the program using Run as administrator."
Audit Success,9/20/2025 16:15,Microsoft-Windows-Security-Auditing,4688,Process Creation,"A new process has been created.

Creator Subject:
	Security ID:		SYSTEM
	Account Name:		-
	Account Domain:		-
	Logon ID:		0x3E7

Target Subject:
	Security ID:		NULL SID
	Account Name:		-
	Account Domain:		-
	Logon ID:		0x0

Process Information:
	New Process ID:		0x26c
	New Process Name:	C:\Windows\System32\lsass.exe
	Token Elevation Type:	%%1936
	Mandatory Label:		Mandatory Label\System Mandatory Level
	Creator Process ID:	0x1e4
	Creator Process Name:	C:\Windows\System32\wininit.exe
	Process Command Line:	

Token Elevation Type indicates the type of token that was assigned to the new process in accordance with User Account Control policy.

Type 1 is a full token with no privileges removed or groups disabled.  A full token is only used if User Account Control is disabled or if the user is the built-in Administrator account or a service account.

Type 2 is an elevated token with no privileges removed or groups disabled.  An elevated token is used when User Account Control is enabled and the user chooses to start the program using Run as administrator.  An elevated token is also used when an application is configured to always require administrative privilege or to always require maximum privilege, and the user is a member of the Administrators group.

Type 3 is a limited token with administrative privileges removed and administrative groups disabled.  The limited token is used when User Account Control is enabled, the application does not require administrative privilege, and the user does not choose to start the program using Run as administrator."
Audit Success,9/23/2025 5:25,Microsoft-Windows-Security-Auditing,4688,Process Creation,"A new process has been created.

Creator Subject:
	Security ID:		SYSTEM
	Account Name:		-
	Account Domain:		-
	Logon ID:		0x3E7

Target Subject:
	Security ID:		NULL SID
	Account Name:		-
	Account Domain:		-
	Logon ID:		0x0

Process Information:
	New Process ID:		0x18c
	New Process Name:	C:\Windows\System32\smss.exe
	Token Elevation Type:	%%1936
	Mandatory Label:		Mandatory Label\System Mandatory Level
	Creator Process ID:	0x124
	Creator Process Name:	C:\Windows\System32\smss.exe
	Process Command Line:	

Token Elevation Type indicates the type of token that was assigned to the new process in accordance with User Account Control policy.

Type 1 is a full token with no privileges removed or groups disabled.  A full token is only used if User Account Control is disabled or if the user is the built-in Administrator account or a service account.

Type 2 is an elevated token with no privileges removed or groups disabled.  An elevated token is used when User Account Control is enabled and the user chooses to start the program using Run as administrator.  An elevated token is also used when an application is configured to always require administrative privilege or to always require maximum privilege, and the user is a member of the Administrators group.

Type 3 is a limited token with administrative privileges removed and administrative groups disabled.  The limited token is used when User Account Control is enabled, the application does not require administrative privilege, and the user does not choose to start the program using Run as administrator."
Audit Success,9/23/2025 5:25,Microsoft-Windows-Security-Auditing,4688,Process Creation,"A new process has been created.

Creator Subject:
	Security ID:		SYSTEM
	Account Name:		-
	Account Domain:		-
	Logon ID:		0x3E7

Target Subject:
	Security ID:		NULL SID
	Account Name:		-
	Account Domain:		-
	Logon ID:		0x0

Process Information:
	New Process ID:		0x198
	New Process Name:	C:\Windows\System32\csrss.exe
	Token Elevation Type:	%%1936
	Mandatory Label:		Mandatory Label\System Mandatory Level
	Creator Process ID:	0x18c
	Creator Process Name:	C:\Windows\System32\smss.exe
	Process Command Line:	

Token Elevation Type indicates the type of token that was assigned to the new process in accordance with User Account Control policy.

Type 1 is a full token with no privileges removed or groups disabled.  A full token is only used if User Account Control is disabled or if the user is the built-in Administrator account or a service account.

Type 2 is an elevated token with no privileges removed or groups disabled.  An elevated token is used when User Account Control is enabled and the user chooses to start the program using Run as administrator.  An elevated token is also used when an application is configured to always require administrative privilege or to always require maximum privilege, and the user is a member of the Administrators group.

Type 3 is a limited token with administrative privileges removed and administrative groups disabled.  The limited token is used when User Account Control is enabled, the application does not require administrative privilege, and the user does not choose to start the program using Run as administrator."
Audit Success,9/23/2025 5:25,Microsoft-Windows-Security-Auditing,4688,Process Creation,"A new process has been created.

Creator Subject:
	Security ID:		SYSTEM
	Account Name:		-
	Account Domain:		-
	Logon ID:		0x3E7

Target Subject:
	Security ID:		NULL SID
	Account Name:		-
	Account Domain:		-
	Logon ID:		0x0

Process Information:
	New Process ID:		0x1dc
	New Process Name:	C:\Windows\System32\smss.exe
	Token Elevation Type:	%%1936
	Mandatory Label:		Mandatory Label\System Mandatory Level
	Creator Process ID:	0x124
	Creator Process Name:	C:\Windows\System32\smss.exe
	Process Command Line:	

Token Elevation Type indicates the type of token that was assigned to the new process in accordance with User Account Control policy.

Type 1 is a full token with no privileges removed or groups disabled.  A full token is only used if User Account Control is disabled or if the user is the built-in Administrator account or a service account.

Type 2 is an elevated token with no privileges removed or groups disabled.  An elevated token is used when User Account Control is enabled and the user chooses to start the program using Run as administrator.  An elevated token is also used when an application is configured to always require administrative privilege or to always require maximum privilege, and the user is a member of the Administrators group.

Type 3 is a limited token with administrative privileges removed and administrative groups disabled.  The limited token is used when User Account Control is enabled, the application does not require administrative privilege, and the user does not choose to start the program using Run as administrator."
Audit Success,9/23/2025 5:25,Microsoft-Windows-Security-Auditing,4688,Process Creation,"A new process has been created.

Creator Subject:
	Security ID:		SYSTEM
	Account Name:		-
	Account Domain:		-
	Logon ID:		0x3E7

Target Subject:
	Security ID:		NULL SID
	Account Name:		-
	Account Domain:		-
	Logon ID:		0x0

Process Information:
	New Process ID:		0x58
	New Process Name:	Registry
	Token Elevation Type:	%%1936
	Mandatory Label:		Mandatory Label\System Mandatory Level
	Creator Process ID:	0x4
	Creator Process Name:	
	Process Command Line:	

Token Elevation Type indicates the type of token that was assigned to the new process in accordance with User Account Control policy.

Type 1 is a full token with no privileges removed or groups disabled.  A full token is only used if User Account Control is disabled or if the user is the built-in Administrator account or a service account.

Type 2 is an elevated token with no privileges removed or groups disabled.  An elevated token is used when User Account Control is enabled and the user chooses to start the program using Run as administrator.  An elevated token is also used when an application is configured to always require administrative privilege or to always require maximum privilege, and the user is a member of the Administrators group.

Type 3 is a limited token with administrative privileges removed and administrative groups disabled.  The limited token is used when User Account Control is enabled, the application does not require administrative privilege, and the user does not choose to start the program using Run as administrator."
Audit Success,9/23/2025 5:25,Microsoft-Windows-Security-Auditing,4688,Process Creation,"A new process has been created.

Creator Subject:
	Security ID:		SYSTEM
	Account Name:		-
	Account Domain:		-
	Logon ID:		0x3E7

Target Subject:
	Security ID:		NULL SID
	Account Name:		-
	Account Domain:		-
	Logon ID:		0x0

Process Information:
	New Process ID:		0x124
	New Process Name:	C:\Windows\System32\smss.exe
	Token Elevation Type:	%%1936
	Mandatory Label:		Mandatory Label\System Mandatory Level
	Creator Process ID:	0x4
	Creator Process Name:	
	Process Command Line:	

Token Elevation Type indicates the type of token that was assigned to the new process in accordance with User Account Control policy.

Type 1 is a full token with no privileges removed or groups disabled.  A full token is only used if User Account Control is disabled or if the user is the built-in Administrator account or a service account.

Type 2 is an elevated token with no privileges removed or groups disabled.  An elevated token is used when User Account Control is enabled and the user chooses to start the program using Run as administrator.  An elevated token is also used when an application is configured to always require administrative privilege or to always require maximum privilege, and the user is a member of the Administrators group.

Type 3 is a limited token with administrative privileges removed and administrative groups disabled.  The limited token is used when User Account Control is enabled, the application does not require administrative privilege, and the user does not choose to start the program using Run as administrator."
Audit Success,9/23/2025 5:25,Microsoft-Windows-Security-Auditing,4688,Process Creation,"A new process has been created.

Creator Subject:
	Security ID:		SYSTEM
	Account Name:		-
	Account Domain:		-
	Logon ID:		0x3E7

Target Subject:
	Security ID:		NULL SID
	Account Name:		-
	Account Domain:		-
	Logon ID:		0x0

Process Information:
	New Process ID:		0x140
	New Process Name:	C:\Windows\System32\autochk.exe
	Token Elevation Type:	%%1936
	Mandatory Label:		Mandatory Label\System Mandatory Level
	Creator Process ID:	0x124
	Creator Process Name:	C:\Windows\System32\smss.exe
	Process Command Line:	

Token Elevation Type indicates the type of token that was assigned to the new process in accordance with User Account Control policy.

Type 1 is a full token with no privileges removed or groups disabled.  A full token is only used if User Account Control is disabled or if the user is the built-in Administrator account or a service account.

Type 2 is an elevated token with no privileges removed or groups disabled.  An elevated token is used when User Account Control is enabled and the user chooses to start the program using Run as administrator.  An elevated token is also used when an application is configured to always require administrative privilege or to always require maximum privilege, and the user is a member of the Administrators group.

Type 3 is a limited token with administrative privileges removed and administrative groups disabled.  The limited token is used when User Account Control is enabled, the application does not require administrative privilege, and the user does not choose to start the program using Run as administrator."
Audit Success,9/19/2025 21:36,Microsoft-Windows-Security-Auditing,4688,Process Creation,"A new process has been created.

Creator Subject:
	Security ID:		SYSTEM
	Account Name:		-
	Account Domain:		-
	Logon ID:		0x3E7

Target Subject:
	Security ID:		NULL SID
	Account Name:		-
	Account Domain:		-
	Logon ID:		0x0

Process Information:
	New Process ID:		0x25c
	New Process Name:	C:\Windows\System32\services.exe
	Token Elevation Type:	%%1936
	Mandatory Label:		Mandatory Label\System Mandatory Level
	Creator Process ID:	0x1e8
	Creator Process Name:	C:\Windows\System32\wininit.exe
	Process Command Line:	

Token Elevation Type indicates the type of token that was assigned to the new process in accordance with User Account Control policy.

Type 1 is a full token with no privileges removed or groups disabled.  A full token is only used if User Account Control is disabled or if the user is the built-in Administrator account or a service account.

Type 2 is an elevated token with no privileges removed or groups disabled.  An elevated token is used when User Account Control is enabled and the user chooses to start the program using Run as administrator.  An elevated token is also used when an application is configured to always require administrative privilege or to always require maximum privilege, and the user is a member of the Administrators group.

Type 3 is a limited token with administrative privileges removed and administrative groups disabled.  The limited token is used when User Account Control is enabled, the application does not require administrative privilege, and the user does not choose to start the program using Run as administrator."
Audit Success,2/8/2025 9:04,Microsoft-Windows-Security-Auditing,4688,Process Creation,"A new process has been created.

Creator Subject:
	Security ID:		SYSTEM
	Account Name:		-
	Account Domain:		-
	Logon ID:		0x3E7

Target Subject:
	Security ID:		NULL SID
	Account Name:		-
	Account Domain:		-
	Logon ID:		0x0

Process Information:
	New Process ID:		0x1b8
	New Process Name:	C:\Windows\System32\smss.exe
	Token Elevation Type:	%%1936
	Mandatory Label:		Mandatory Label\System Mandatory Level
	Creator Process ID:	0x110
	Creator Process Name:	C:\Windows\System32\smss.exe
	Process Command Line:	

Token Elevation Type indicates the type of token that was assigned to the new process in accordance with User Account Control policy.

Type 1 is a full token with no privileges removed or groups disabled.  A full token is only used if User Account Control is disabled or if the user is the built-in Administrator account or a service account.

Type 2 is an elevated token with no privileges removed or groups disabled.  An elevated token is used when User Account Control is enabled and the user chooses to start the program using Run as administrator.  An elevated token is also used when an application is configured to always require administrative privilege or to always require maximum privilege, and the user is a member of the Administrators group.

Type 3 is a limited token with administrative privileges removed and administrative groups disabled.  The limited token is used when User Account Control is enabled, the application does not require administrative privilege, and the user does not choose to start the program using Run as administrator."
Audit Success,2/8/2025 9:04,Microsoft-Windows-Security-Auditing,4688,Process Creation,"A new process has been created.

Creator Subject:
	Security ID:		SYSTEM
	Account Name:		-
	Account Domain:		-
	Logon ID:		0x3E7

Target Subject:
	Security ID:		NULL SID
	Account Name:		-
	Account Domain:		-
	Logon ID:		0x0

Process Information:
	New Process ID:		0x1c0
	New Process Name:	C:\Windows\System32\wininit.exe
	Token Elevation Type:	%%1936
	Mandatory Label:		Mandatory Label\System Mandatory Level
	Creator Process ID:	0x16c
	Creator Process Name:	C:\Windows\System32\smss.exe
	Process Command Line:	

Token Elevation Type indicates the type of token that was assigned to the new process in accordance with User Account Control policy.

Type 1 is a full token with no privileges removed or groups disabled.  A full token is only used if User Account Control is disabled or if the user is the built-in Administrator account or a service account.

Type 2 is an elevated token with no privileges removed or groups disabled.  An elevated token is used when User Account Control is enabled and the user chooses to start the program using Run as administrator.  An elevated token is also used when an application is configured to always require administrative privilege or to always require maximum privilege, and the user is a member of the Administrators group.

Type 3 is a limited token with administrative privileges removed and administrative groups disabled.  The limited token is used when User Account Control is enabled, the application does not require administrative privilege, and the user does not choose to start the program using Run as administrator."
Audit Success,2/8/2025 9:04,Microsoft-Windows-Security-Auditing,4688,Process Creation,"A new process has been created.

Creator Subject:
	Security ID:		SYSTEM
	Account Name:		-
	Account Domain:		-
	Logon ID:		0x3E7

Target Subject:
	Security ID:		NULL SID
	Account Name:		-
	Account Domain:		-
	Logon ID:		0x0

Process Information:
	New Process ID:		0x1c8
	New Process Name:	C:\Windows\System32\csrss.exe
	Token Elevation Type:	%%1936
	Mandatory Label:		Mandatory Label\System Mandatory Level
	Creator Process ID:	0x1b8
	Creator Process Name:	C:\Windows\System32\smss.exe
	Process Command Line:	

Token Elevation Type indicates the type of token that was assigned to the new process in accordance with User Account Control policy.

Type 1 is a full token with no privileges removed or groups disabled.  A full token is only used if User Account Control is disabled or if the user is the built-in Administrator account or a service account.

Type 2 is an elevated token with no privileges removed or groups disabled.  An elevated token is used when User Account Control is enabled and the user chooses to start the program using Run as administrator.  An elevated token is also used when an application is configured to always require administrative privilege or to always require maximum privilege, and the user is a member of the Administrators group.

Type 3 is a limited token with administrative privileges removed and administrative groups disabled.  The limited token is used when User Account Control is enabled, the application does not require administrative privilege, and the user does not choose to start the program using Run as administrator."
Audit Success,2/8/2025 9:04,Microsoft-Windows-Security-Auditing,4688,Process Creation,"A new process has been created.

Creator Subject:
	Security ID:		SYSTEM
	Account Name:		-
	Account Domain:		-
	Logon ID:		0x3E7

Target Subject:
	Security ID:		NULL SID
	Account Name:		-
	Account Domain:		-
	Logon ID:		0x0

Process Information:
	New Process ID:		0x130
	New Process Name:	C:\Windows\System32\autochk.exe
	Token Elevation Type:	%%1936
	Mandatory Label:		Mandatory Label\System Mandatory Level
	Creator Process ID:	0x110
	Creator Process Name:	C:\Windows\System32\smss.exe
	Process Command Line:	

Token Elevation Type indicates the type of token that was assigned to the new process in accordance with User Account Control policy.

Type 1 is a full token with no privileges removed or groups disabled.  A full token is only used if User Account Control is disabled or if the user is the built-in Administrator account or a service account.

Type 2 is an elevated token with no privileges removed or groups disabled.  An elevated token is used when User Account Control is enabled and the user chooses to start the program using Run as administrator.  An elevated token is also used when an application is configured to always require administrative privilege or to always require maximum privilege, and the user is a member of the Administrators group.

Type 3 is a limited token with administrative privileges removed and administrative groups disabled.  The limited token is used when User Account Control is enabled, the application does not require administrative privilege, and the user does not choose to start the program using Run as administrator."
Audit Success,2/8/2025 9:04,Microsoft-Windows-Security-Auditing,4688,Process Creation,"A new process has been created.

Creator Subject:
	Security ID:		SYSTEM
	Account Name:		-
	Account Domain:		-
	Logon ID:		0x3E7

Target Subject:
	Security ID:		NULL SID
	Account Name:		-
	Account Domain:		-
	Logon ID:		0x0

Process Information:
	New Process ID:		0x16c
	New Process Name:	C:\Windows\System32\smss.exe
	Token Elevation Type:	%%1936
	Mandatory Label:		Mandatory Label\System Mandatory Level
	Creator Process ID:	0x110
	Creator Process Name:	C:\Windows\System32\smss.exe
	Process Command Line:	

Token Elevation Type indicates the type of token that was assigned to the new process in accordance with User Account Control policy.

Type 1 is a full token with no privileges removed or groups disabled.  A full token is only used if User Account Control is disabled or if the user is the built-in Administrator account or a service account.

Type 2 is an elevated token with no privileges removed or groups disabled.  An elevated token is used when User Account Control is enabled and the user chooses to start the program using Run as administrator.  An elevated token is also used when an application is configured to always require administrative privilege or to always require maximum privilege, and the user is a member of the Administrators group.

Type 3 is a limited token with administrative privileges removed and administrative groups disabled.  The limited token is used when User Account Control is enabled, the application does not require administrative privilege, and the user does not choose to start the program using Run as administrator."
Audit Success,2/8/2025 9:04,Microsoft-Windows-Security-Auditing,4688,Process Creation,"A new process has been created.

Creator Subject:
	Security ID:		SYSTEM
	Account Name:		-
	Account Domain:		-
	Logon ID:		0x3E7

Target Subject:
	Security ID:		NULL SID
	Account Name:		-
	Account Domain:		-
	Logon ID:		0x0

Process Information:
	New Process ID:		0x174
	New Process Name:	C:\Windows\System32\csrss.exe
	Token Elevation Type:	%%1936
	Mandatory Label:		Mandatory Label\System Mandatory Level
	Creator Process ID:	0x16c
	Creator Process Name:	C:\Windows\System32\smss.exe
	Process Command Line:	

Token Elevation Type indicates the type of token that was assigned to the new process in accordance with User Account Control policy.

Type 1 is a full token with no privileges removed or groups disabled.  A full token is only used if User Account Control is disabled or if the user is the built-in Administrator account or a service account.

Type 2 is an elevated token with no privileges removed or groups disabled.  An elevated token is used when User Account Control is enabled and the user chooses to start the program using Run as administrator.  An elevated token is also used when an application is configured to always require administrative privilege or to always require maximum privilege, and the user is a member of the Administrators group.

Type 3 is a limited token with administrative privileges removed and administrative groups disabled.  The limited token is used when User Account Control is enabled, the application does not require administrative privilege, and the user does not choose to start the program using Run as administrator."
Audit Success,2/8/2025 9:04,Microsoft-Windows-Security-Auditing,4688,Process Creation,"A new process has been created.

Creator Subject:
	Security ID:		SYSTEM
	Account Name:		-
	Account Domain:		-
	Logon ID:		0x3E7

Target Subject:
	Security ID:		NULL SID
	Account Name:		-
	Account Domain:		-
	Logon ID:		0x0

Process Information:
	New Process ID:		0x208
	New Process Name:	C:\Windows\System32\winlogon.exe
	Token Elevation Type:	%%1936
	Mandatory Label:		Mandatory Label\System Mandatory Level
	Creator Process ID:	0x1b8
	Creator Process Name:	C:\Windows\System32\smss.exe
	Process Command Line:	

Token Elevation Type indicates the type of token that was assigned to the new process in accordance with User Account Control policy.

Type 1 is a full token with no privileges removed or groups disabled.  A full token is only used if User Account Control is disabled or if the user is the built-in Administrator account or a service account.

Type 2 is an elevated token with no privileges removed or groups disabled.  An elevated token is used when User Account Control is enabled and the user chooses to start the program using Run as administrator.  An elevated token is also used when an application is configured to always require administrative privilege or to always require maximum privilege, and the user is a member of the Administrators group.

Type 3 is a limited token with administrative privileges removed and administrative groups disabled.  The limited token is used when User Account Control is enabled, the application does not require administrative privilege, and the user does not choose to start the program using Run as administrator."
Audit Success,2/8/2025 8:42,Microsoft-Windows-Security-Auditing,4688,Process Creation,"A new process has been created.

Creator Subject:
	Security ID:		SYSTEM
	Account Name:		-
	Account Domain:		-
	Logon ID:		0x3E7

Target Subject:
	Security ID:		NULL SID
	Account Name:		-
	Account Domain:		-
	Logon ID:		0x0

Process Information:
	New Process ID:		0x120
	New Process Name:	C:\Windows\System32\smss.exe
	Token Elevation Type:	%%1936
	Mandatory Label:		Mandatory Label\System Mandatory Level
	Creator Process ID:	0x4
	Creator Process Name:	
	Process Command Line:	

Token Elevation Type indicates the type of token that was assigned to the new process in accordance with User Account Control policy.

Type 1 is a full token with no privileges removed or groups disabled.  A full token is only used if User Account Control is disabled or if the user is the built-in Administrator account or a service account.

Type 2 is an elevated token with no privileges removed or groups disabled.  An elevated token is used when User Account Control is enabled and the user chooses to start the program using Run as administrator.  An elevated token is also used when an application is configured to always require administrative privilege or to always require maximum privilege, and the user is a member of the Administrators group.

Type 3 is a limited token with administrative privileges removed and administrative groups disabled.  The limited token is used when User Account Control is enabled, the application does not require administrative privilege, and the user does not choose to start the program using Run as administrator."
Audit Success,2/8/2025 8:42,Microsoft-Windows-Security-Auditing,4688,Process Creation,"A new process has been created.

Creator Subject:
	Security ID:		SYSTEM
	Account Name:		-
	Account Domain:		-
	Logon ID:		0x3E7

Target Subject:
	Security ID:		NULL SID
	Account Name:		-
	Account Domain:		-
	Logon ID:		0x0

Process Information:
	New Process ID:		0x144
	New Process Name:	C:\Windows\System32\autochk.exe
	Token Elevation Type:	%%1936
	Mandatory Label:		Mandatory Label\System Mandatory Level
	Creator Process ID:	0x120
	Creator Process Name:	C:\Windows\System32\smss.exe
	Process Command Line:	

Token Elevation Type indicates the type of token that was assigned to the new process in accordance with User Account Control policy.

Type 1 is a full token with no privileges removed or groups disabled.  A full token is only used if User Account Control is disabled or if the user is the built-in Administrator account or a service account.

Type 2 is an elevated token with no privileges removed or groups disabled.  An elevated token is used when User Account Control is enabled and the user chooses to start the program using Run as administrator.  An elevated token is also used when an application is configured to always require administrative privilege or to always require maximum privilege, and the user is a member of the Administrators group.

Type 3 is a limited token with administrative privileges removed and administrative groups disabled.  The limited token is used when User Account Control is enabled, the application does not require administrative privilege, and the user does not choose to start the program using Run as administrator."
Audit Success,2/8/2025 8:42,Microsoft-Windows-Security-Auditing,4688,Process Creation,"A new process has been created.

Creator Subject:
	Security ID:		SYSTEM
	Account Name:		-
	Account Domain:		-
	Logon ID:		0x3E7

Target Subject:
	Security ID:		NULL SID
	Account Name:		-
	Account Domain:		-
	Logon ID:		0x0

Process Information:
	New Process ID:		0x17c
	New Process Name:	C:\Windows\System32\smss.exe
	Token Elevation Type:	%%1936
	Mandatory Label:		Mandatory Label\System Mandatory Level
	Creator Process ID:	0x120
	Creator Process Name:	C:\Windows\System32\smss.exe
	Process Command Line:	

Token Elevation Type indicates the type of token that was assigned to the new process in accordance with User Account Control policy.

Type 1 is a full token with no privileges removed or groups disabled.  A full token is only used if User Account Control is disabled or if the user is the built-in Administrator account or a service account.

Type 2 is an elevated token with no privileges removed or groups disabled.  An elevated token is used when User Account Control is enabled and the user chooses to start the program using Run as administrator.  An elevated token is also used when an application is configured to always require administrative privilege or to always require maximum privilege, and the user is a member of the Administrators group.

Type 3 is a limited token with administrative privileges removed and administrative groups disabled.  The limited token is used when User Account Control is enabled, the application does not require administrative privilege, and the user does not choose to start the program using Run as administrator."
Audit Success,2/8/2025 9:04,Microsoft-Windows-Security-Auditing,4688,Process Creation,"A new process has been created.

Creator Subject:
	Security ID:		SYSTEM
	Account Name:		-
	Account Domain:		-
	Logon ID:		0x3E7

Target Subject:
	Security ID:		NULL SID
	Account Name:		-
	Account Domain:		-
	Logon ID:		0x0

Process Information:
	New Process ID:		0x24c
	New Process Name:	C:\Windows\System32\services.exe
	Token Elevation Type:	%%1936
	Mandatory Label:		Mandatory Label\System Mandatory Level
	Creator Process ID:	0x1c0
	Creator Process Name:	C:\Windows\System32\wininit.exe
	Process Command Line:	

Token Elevation Type indicates the type of token that was assigned to the new process in accordance with User Account Control policy.

Type 1 is a full token with no privileges removed or groups disabled.  A full token is only used if User Account Control is disabled or if the user is the built-in Administrator account or a service account.

Type 2 is an elevated token with no privileges removed or groups disabled.  An elevated token is used when User Account Control is enabled and the user chooses to start the program using Run as administrator.  An elevated token is also used when an application is configured to always require administrative privilege or to always require maximum privilege, and the user is a member of the Administrators group.

Type 3 is a limited token with administrative privileges removed and administrative groups disabled.  The limited token is used when User Account Control is enabled, the application does not require administrative privilege, and the user does not choose to start the program using Run as administrator."
Audit Success,2/8/2025 9:04,Microsoft-Windows-Security-Auditing,4688,Process Creation,"A new process has been created.

Creator Subject:
	Security ID:		SYSTEM
	Account Name:		-
	Account Domain:		-
	Logon ID:		0x3E7

Target Subject:
	Security ID:		NULL SID
	Account Name:		-
	Account Domain:		-
	Logon ID:		0x0

Process Information:
	New Process ID:		0x254
	New Process Name:	C:\Windows\System32\lsass.exe
	Token Elevation Type:	%%1936
	Mandatory Label:		Mandatory Label\System Mandatory Level
	Creator Process ID:	0x1c0
	Creator Process Name:	C:\Windows\System32\wininit.exe
	Process Command Line:	

Token Elevation Type indicates the type of token that was assigned to the new process in accordance with User Account Control policy.

Type 1 is a full token with no privileges removed or groups disabled.  A full token is only used if User Account Control is disabled or if the user is the built-in Administrator account or a service account.

Type 2 is an elevated token with no privileges removed or groups disabled.  An elevated token is used when User Account Control is enabled and the user chooses to start the program using Run as administrator.  An elevated token is also used when an application is configured to always require administrative privilege or to always require maximum privilege, and the user is a member of the Administrators group.

Type 3 is a limited token with administrative privileges removed and administrative groups disabled.  The limited token is used when User Account Control is enabled, the application does not require administrative privilege, and the user does not choose to start the program using Run as administrator."
Audit Success,2/8/2025 8:42,Microsoft-Windows-Security-Auditing,4688,Process Creation,"A new process has been created.

Creator Subject:
	Security ID:		SYSTEM
	Account Name:		-
	Account Domain:		-
	Logon ID:		0x3E7

Target Subject:
	Security ID:		NULL SID
	Account Name:		-
	Account Domain:		-
	Logon ID:		0x0

Process Information:
	New Process ID:		0x58
	New Process Name:	Registry
	Token Elevation Type:	%%1936
	Mandatory Label:		Mandatory Label\System Mandatory Level
	Creator Process ID:	0x4
	Creator Process Name:	
	Process Command Line:	

Token Elevation Type indicates the type of token that was assigned to the new process in accordance with User Account Control policy.

Type 1 is a full token with no privileges removed or groups disabled.  A full token is only used if User Account Control is disabled or if the user is the built-in Administrator account or a service account.

Type 2 is an elevated token with no privileges removed or groups disabled.  An elevated token is used when User Account Control is enabled and the user chooses to start the program using Run as administrator.  An elevated token is also used when an application is configured to always require administrative privilege or to always require maximum privilege, and the user is a member of the Administrators group.

Type 3 is a limited token with administrative privileges removed and administrative groups disabled.  The limited token is used when User Account Control is enabled, the application does not require administrative privilege, and the user does not choose to start the program using Run as administrator."
Audit Success,2/8/2025 9:03,Microsoft-Windows-Security-Auditing,4688,Process Creation,"A new process has been created.

Creator Subject:
	Security ID:		SYSTEM
	Account Name:		-
	Account Domain:		-
	Logon ID:		0x3E7

Target Subject:
	Security ID:		NULL SID
	Account Name:		-
	Account Domain:		-
	Logon ID:		0x0

Process Information:
	New Process ID:		0x110
	New Process Name:	C:\Windows\System32\smss.exe
	Token Elevation Type:	%%1936
	Mandatory Label:		Mandatory Label\System Mandatory Level
	Creator Process ID:	0x4
	Creator Process Name:	
	Process Command Line:	

Token Elevation Type indicates the type of token that was assigned to the new process in accordance with User Account Control policy.

Type 1 is a full token with no privileges removed or groups disabled.  A full token is only used if User Account Control is disabled or if the user is the built-in Administrator account or a service account.

Type 2 is an elevated token with no privileges removed or groups disabled.  An elevated token is used when User Account Control is enabled and the user chooses to start the program using Run as administrator.  An elevated token is also used when an application is configured to always require administrative privilege or to always require maximum privilege, and the user is a member of the Administrators group.

Type 3 is a limited token with administrative privileges removed and administrative groups disabled.  The limited token is used when User Account Control is enabled, the application does not require administrative privilege, and the user does not choose to start the program using Run as administrator."
Audit Success,2/8/2025 8:54,Microsoft-Windows-Security-Auditing,4688,Process Creation,"A new process has been created.

Creator Subject:
	Security ID:		SYSTEM
	Account Name:		-
	Account Domain:		-
	Logon ID:		0x3E7

Target Subject:
	Security ID:		NULL SID
	Account Name:		-
	Account Domain:		-
	Logon ID:		0x0

Process Information:
	New Process ID:		0x17c
	New Process Name:	C:\Windows\System32\setupcl.exe
	Token Elevation Type:	%%1936
	Mandatory Label:		Mandatory Label\System Mandatory Level
	Creator Process ID:	0x12c
	Creator Process Name:	C:\Windows\System32\smss.exe
	Process Command Line:	

Token Elevation Type indicates the type of token that was assigned to the new process in accordance with User Account Control policy.

Type 1 is a full token with no privileges removed or groups disabled.  A full token is only used if User Account Control is disabled or if the user is the built-in Administrator account or a service account.

Type 2 is an elevated token with no privileges removed or groups disabled.  An elevated token is used when User Account Control is enabled and the user chooses to start the program using Run as administrator.  An elevated token is also used when an application is configured to always require administrative privilege or to always require maximum privilege, and the user is a member of the Administrators group.

Type 3 is a limited token with administrative privileges removed and administrative groups disabled.  The limited token is used when User Account Control is enabled, the application does not require administrative privilege, and the user does not choose to start the program using Run as administrator."
Audit Success,2/8/2025 8:54,Microsoft-Windows-Security-Auditing,4688,Process Creation,"A new process has been created.

Creator Subject:
	Security ID:		SYSTEM
	Account Name:		-
	Account Domain:		-
	Logon ID:		0x3E7

Target Subject:
	Security ID:		NULL SID
	Account Name:		-
	Account Domain:		-
	Logon ID:		0x0

Process Information:
	New Process ID:		0x188
	New Process Name:	C:\Windows\System32\smss.exe
	Token Elevation Type:	%%1936
	Mandatory Label:		Mandatory Label\System Mandatory Level
	Creator Process ID:	0x12c
	Creator Process Name:	C:\Windows\System32\smss.exe
	Process Command Line:	

Token Elevation Type indicates the type of token that was assigned to the new process in accordance with User Account Control policy.

Type 1 is a full token with no privileges removed or groups disabled.  A full token is only used if User Account Control is disabled or if the user is the built-in Administrator account or a service account.

Type 2 is an elevated token with no privileges removed or groups disabled.  An elevated token is used when User Account Control is enabled and the user chooses to start the program using Run as administrator.  An elevated token is also used when an application is configured to always require administrative privilege or to always require maximum privilege, and the user is a member of the Administrators group.

Type 3 is a limited token with administrative privileges removed and administrative groups disabled.  The limited token is used when User Account Control is enabled, the application does not require administrative privilege, and the user does not choose to start the program using Run as administrator."
Audit Success,2/8/2025 8:54,Microsoft-Windows-Security-Auditing,4688,Process Creation,"A new process has been created.

Creator Subject:
	Security ID:		SYSTEM
	Account Name:		-
	Account Domain:		-
	Logon ID:		0x3E7

Target Subject:
	Security ID:		NULL SID
	Account Name:		-
	Account Domain:		-
	Logon ID:		0x0

Process Information:
	New Process ID:		0x198
	New Process Name:	C:\Windows\System32\csrss.exe
	Token Elevation Type:	%%1936
	Mandatory Label:		Mandatory Label\System Mandatory Level
	Creator Process ID:	0x188
	Creator Process Name:	C:\Windows\System32\smss.exe
	Process Command Line:	

Token Elevation Type indicates the type of token that was assigned to the new process in accordance with User Account Control policy.

Type 1 is a full token with no privileges removed or groups disabled.  A full token is only used if User Account Control is disabled or if the user is the built-in Administrator account or a service account.

Type 2 is an elevated token with no privileges removed or groups disabled.  An elevated token is used when User Account Control is enabled and the user chooses to start the program using Run as administrator.  An elevated token is also used when an application is configured to always require administrative privilege or to always require maximum privilege, and the user is a member of the Administrators group.

Type 3 is a limited token with administrative privileges removed and administrative groups disabled.  The limited token is used when User Account Control is enabled, the application does not require administrative privilege, and the user does not choose to start the program using Run as administrator."
Audit Success,2/8/2025 8:53,Microsoft-Windows-Security-Auditing,4688,Process Creation,"A new process has been created.

Creator Subject:
	Security ID:		SYSTEM
	Account Name:		-
	Account Domain:		-
	Logon ID:		0x3E7

Target Subject:
	Security ID:		NULL SID
	Account Name:		-
	Account Domain:		-
	Logon ID:		0x0

Process Information:
	New Process ID:		0x58
	New Process Name:	Registry
	Token Elevation Type:	%%1936
	Mandatory Label:		Mandatory Label\System Mandatory Level
	Creator Process ID:	0x4
	Creator Process Name:	
	Process Command Line:	

Token Elevation Type indicates the type of token that was assigned to the new process in accordance with User Account Control policy.

Type 1 is a full token with no privileges removed or groups disabled.  A full token is only used if User Account Control is disabled or if the user is the built-in Administrator account or a service account.

Type 2 is an elevated token with no privileges removed or groups disabled.  An elevated token is used when User Account Control is enabled and the user chooses to start the program using Run as administrator.  An elevated token is also used when an application is configured to always require administrative privilege or to always require maximum privilege, and the user is a member of the Administrators group.

Type 3 is a limited token with administrative privileges removed and administrative groups disabled.  The limited token is used when User Account Control is enabled, the application does not require administrative privilege, and the user does not choose to start the program using Run as administrator."
Audit Success,2/8/2025 8:53,Microsoft-Windows-Security-Auditing,4688,Process Creation,"A new process has been created.

Creator Subject:
	Security ID:		SYSTEM
	Account Name:		-
	Account Domain:		-
	Logon ID:		0x3E7

Target Subject:
	Security ID:		NULL SID
	Account Name:		-
	Account Domain:		-
	Logon ID:		0x0

Process Information:
	New Process ID:		0x12c
	New Process Name:	C:\Windows\System32\smss.exe
	Token Elevation Type:	%%1936
	Mandatory Label:		Mandatory Label\System Mandatory Level
	Creator Process ID:	0x4
	Creator Process Name:	
	Process Command Line:	

Token Elevation Type indicates the type of token that was assigned to the new process in accordance with User Account Control policy.

Type 1 is a full token with no privileges removed or groups disabled.  A full token is only used if User Account Control is disabled or if the user is the built-in Administrator account or a service account.

Type 2 is an elevated token with no privileges removed or groups disabled.  An elevated token is used when User Account Control is enabled and the user chooses to start the program using Run as administrator.  An elevated token is also used when an application is configured to always require administrative privilege or to always require maximum privilege, and the user is a member of the Administrators group.

Type 3 is a limited token with administrative privileges removed and administrative groups disabled.  The limited token is used when User Account Control is enabled, the application does not require administrative privilege, and the user does not choose to start the program using Run as administrator."
Audit Success,2/8/2025 8:54,Microsoft-Windows-Security-Auditing,4688,Process Creation,"A new process has been created.

Creator Subject:
	Security ID:		SYSTEM
	Account Name:		-
	Account Domain:		-
	Logon ID:		0x3E7

Target Subject:
	Security ID:		NULL SID
	Account Name:		-
	Account Domain:		-
	Logon ID:		0x0

Process Information:
	New Process ID:		0x144
	New Process Name:	C:\Windows\System32\autochk.exe
	Token Elevation Type:	%%1936
	Mandatory Label:		Mandatory Label\System Mandatory Level
	Creator Process ID:	0x12c
	Creator Process Name:	C:\Windows\System32\smss.exe
	Process Command Line:	

Token Elevation Type indicates the type of token that was assigned to the new process in accordance with User Account Control policy.

Type 1 is a full token with no privileges removed or groups disabled.  A full token is only used if User Account Control is disabled or if the user is the built-in Administrator account or a service account.

Type 2 is an elevated token with no privileges removed or groups disabled.  An elevated token is used when User Account Control is enabled and the user chooses to start the program using Run as administrator.  An elevated token is also used when an application is configured to always require administrative privilege or to always require maximum privilege, and the user is a member of the Administrators group.

Type 3 is a limited token with administrative privileges removed and administrative groups disabled.  The limited token is used when User Account Control is enabled, the application does not require administrative privilege, and the user does not choose to start the program using Run as administrator."
Audit Success,2/8/2025 8:54,Microsoft-Windows-Security-Auditing,4688,Process Creation,"A new process has been created.

Creator Subject:
	Security ID:		SYSTEM
	Account Name:		-
	Account Domain:		-
	Logon ID:		0x3E7

Target Subject:
	Security ID:		NULL SID
	Account Name:		-
	Account Domain:		-
	Logon ID:		0x0

Process Information:
	New Process ID:		0x1d4
	New Process Name:	C:\Windows\System32\smss.exe
	Token Elevation Type:	%%1936
	Mandatory Label:		Mandatory Label\System Mandatory Level
	Creator Process ID:	0x12c
	Creator Process Name:	C:\Windows\System32\smss.exe
	Process Command Line:	

Token Elevation Type indicates the type of token that was assigned to the new process in accordance with User Account Control policy.

Type 1 is a full token with no privileges removed or groups disabled.  A full token is only used if User Account Control is disabled or if the user is the built-in Administrator account or a service account.

Type 2 is an elevated token with no privileges removed or groups disabled.  An elevated token is used when User Account Control is enabled and the user chooses to start the program using Run as administrator.  An elevated token is also used when an application is configured to always require administrative privilege or to always require maximum privilege, and the user is a member of the Administrators group.

Type 3 is a limited token with administrative privileges removed and administrative groups disabled.  The limited token is used when User Account Control is enabled, the application does not require administrative privilege, and the user does not choose to start the program using Run as administrator."
Audit Success,2/8/2025 8:54,Microsoft-Windows-Security-Auditing,4688,Process Creation,"A new process has been created.

Creator Subject:
	Security ID:		SYSTEM
	Account Name:		-
	Account Domain:		-
	Logon ID:		0x3E7

Target Subject:
	Security ID:		NULL SID
	Account Name:		-
	Account Domain:		-
	Logon ID:		0x0

Process Information:
	New Process ID:		0x268
	New Process Name:	C:\Windows\System32\services.exe
	Token Elevation Type:	%%1936
	Mandatory Label:		Mandatory Label\System Mandatory Level
	Creator Process ID:	0x1f0
	Creator Process Name:	C:\Windows\System32\wininit.exe
	Process Command Line:	

Token Elevation Type indicates the type of token that was assigned to the new process in accordance with User Account Control policy.

Type 1 is a full token with no privileges removed or groups disabled.  A full token is only used if User Account Control is disabled or if the user is the built-in Administrator account or a service account.

Type 2 is an elevated token with no privileges removed or groups disabled.  An elevated token is used when User Account Control is enabled and the user chooses to start the program using Run as administrator.  An elevated token is also used when an application is configured to always require administrative privilege or to always require maximum privilege, and the user is a member of the Administrators group.

Type 3 is a limited token with administrative privileges removed and administrative groups disabled.  The limited token is used when User Account Control is enabled, the application does not require administrative privilege, and the user does not choose to start the program using Run as administrator."
Audit Success,2/8/2025 8:54,Microsoft-Windows-Security-Auditing,4688,Process Creation,"A new process has been created.

Creator Subject:
	Security ID:		SYSTEM
	Account Name:		-
	Account Domain:		-
	Logon ID:		0x3E7

Target Subject:
	Security ID:		NULL SID
	Account Name:		-
	Account Domain:		-
	Logon ID:		0x0

Process Information:
	New Process ID:		0x27c
	New Process Name:	C:\Windows\System32\lsass.exe
	Token Elevation Type:	%%1936
	Mandatory Label:		Mandatory Label\System Mandatory Level
	Creator Process ID:	0x1f0
	Creator Process Name:	C:\Windows\System32\wininit.exe
	Process Command Line:	

Token Elevation Type indicates the type of token that was assigned to the new process in accordance with User Account Control policy.

Type 1 is a full token with no privileges removed or groups disabled.  A full token is only used if User Account Control is disabled or if the user is the built-in Administrator account or a service account.

Type 2 is an elevated token with no privileges removed or groups disabled.  An elevated token is used when User Account Control is enabled and the user chooses to start the program using Run as administrator.  An elevated token is also used when an application is configured to always require administrative privilege or to always require maximum privilege, and the user is a member of the Administrators group.

Type 3 is a limited token with administrative privileges removed and administrative groups disabled.  The limited token is used when User Account Control is enabled, the application does not require administrative privilege, and the user does not choose to start the program using Run as administrator."
Audit Success,2/8/2025 9:03,Microsoft-Windows-Security-Auditing,4688,Process Creation,"A new process has been created.

Creator Subject:
	Security ID:		SYSTEM
	Account Name:		-
	Account Domain:		-
	Logon ID:		0x3E7

Target Subject:
	Security ID:		NULL SID
	Account Name:		-
	Account Domain:		-
	Logon ID:		0x0

Process Information:
	New Process ID:		0x58
	New Process Name:	Registry
	Token Elevation Type:	%%1936
	Mandatory Label:		Mandatory Label\System Mandatory Level
	Creator Process ID:	0x4
	Creator Process Name:	
	Process Command Line:	

Token Elevation Type indicates the type of token that was assigned to the new process in accordance with User Account Control policy.

Type 1 is a full token with no privileges removed or groups disabled.  A full token is only used if User Account Control is disabled or if the user is the built-in Administrator account or a service account.

Type 2 is an elevated token with no privileges removed or groups disabled.  An elevated token is used when User Account Control is enabled and the user chooses to start the program using Run as administrator.  An elevated token is also used when an application is configured to always require administrative privilege or to always require maximum privilege, and the user is a member of the Administrators group.

Type 3 is a limited token with administrative privileges removed and administrative groups disabled.  The limited token is used when User Account Control is enabled, the application does not require administrative privilege, and the user does not choose to start the program using Run as administrator."
Audit Success,2/8/2025 8:54,Microsoft-Windows-Security-Auditing,4688,Process Creation,"A new process has been created.

Creator Subject:
	Security ID:		SYSTEM
	Account Name:		-
	Account Domain:		-
	Logon ID:		0x3E7

Target Subject:
	Security ID:		NULL SID
	Account Name:		-
	Account Domain:		-
	Logon ID:		0x0

Process Information:
	New Process ID:		0x1dc
	New Process Name:	C:\Windows\System32\csrss.exe
	Token Elevation Type:	%%1936
	Mandatory Label:		Mandatory Label\System Mandatory Level
	Creator Process ID:	0x1d4
	Creator Process Name:	C:\Windows\System32\smss.exe
	Process Command Line:	

Token Elevation Type indicates the type of token that was assigned to the new process in accordance with User Account Control policy.

Type 1 is a full token with no privileges removed or groups disabled.  A full token is only used if User Account Control is disabled or if the user is the built-in Administrator account or a service account.

Type 2 is an elevated token with no privileges removed or groups disabled.  An elevated token is used when User Account Control is enabled and the user chooses to start the program using Run as administrator.  An elevated token is also used when an application is configured to always require administrative privilege or to always require maximum privilege, and the user is a member of the Administrators group.

Type 3 is a limited token with administrative privileges removed and administrative groups disabled.  The limited token is used when User Account Control is enabled, the application does not require administrative privilege, and the user does not choose to start the program using Run as administrator."
Audit Success,2/8/2025 8:54,Microsoft-Windows-Security-Auditing,4688,Process Creation,"A new process has been created.

Creator Subject:
	Security ID:		SYSTEM
	Account Name:		-
	Account Domain:		-
	Logon ID:		0x3E7

Target Subject:
	Security ID:		NULL SID
	Account Name:		-
	Account Domain:		-
	Logon ID:		0x0

Process Information:
	New Process ID:		0x1f0
	New Process Name:	C:\Windows\System32\wininit.exe
	Token Elevation Type:	%%1936
	Mandatory Label:		Mandatory Label\System Mandatory Level
	Creator Process ID:	0x188
	Creator Process Name:	C:\Windows\System32\smss.exe
	Process Command Line:	

Token Elevation Type indicates the type of token that was assigned to the new process in accordance with User Account Control policy.

Type 1 is a full token with no privileges removed or groups disabled.  A full token is only used if User Account Control is disabled or if the user is the built-in Administrator account or a service account.

Type 2 is an elevated token with no privileges removed or groups disabled.  An elevated token is used when User Account Control is enabled and the user chooses to start the program using Run as administrator.  An elevated token is also used when an application is configured to always require administrative privilege or to always require maximum privilege, and the user is a member of the Administrators group.

Type 3 is a limited token with administrative privileges removed and administrative groups disabled.  The limited token is used when User Account Control is enabled, the application does not require administrative privilege, and the user does not choose to start the program using Run as administrator."
Audit Success,2/8/2025 8:54,Microsoft-Windows-Security-Auditing,4688,Process Creation,"A new process has been created.

Creator Subject:
	Security ID:		SYSTEM
	Account Name:		-
	Account Domain:		-
	Logon ID:		0x3E7

Target Subject:
	Security ID:		NULL SID
	Account Name:		-
	Account Domain:		-
	Logon ID:		0x0

Process Information:
	New Process ID:		0x220
	New Process Name:	C:\Windows\System32\winlogon.exe
	Token Elevation Type:	%%1936
	Mandatory Label:		Mandatory Label\System Mandatory Level
	Creator Process ID:	0x1d4
	Creator Process Name:	C:\Windows\System32\smss.exe
	Process Command Line:	

Token Elevation Type indicates the type of token that was assigned to the new process in accordance with User Account Control policy.

Type 1 is a full token with no privileges removed or groups disabled.  A full token is only used if User Account Control is disabled or if the user is the built-in Administrator account or a service account.

Type 2 is an elevated token with no privileges removed or groups disabled.  An elevated token is used when User Account Control is enabled and the user chooses to start the program using Run as administrator.  An elevated token is also used when an application is configured to always require administrative privilege or to always require maximum privilege, and the user is a member of the Administrators group.

Type 3 is a limited token with administrative privileges removed and administrative groups disabled.  The limited token is used when User Account Control is enabled, the application does not require administrative privilege, and the user does not choose to start the program using Run as administrator."
Audit Success,9/16/2025 5:21,Microsoft-Windows-Security-Auditing,4688,Process Creation,"A new process has been created.

Creator Subject:
	Security ID:		SYSTEM
	Account Name:		-
	Account Domain:		-
	Logon ID:		0x3E7

Target Subject:
	Security ID:		NULL SID
	Account Name:		-
	Account Domain:		-
	Logon ID:		0x0

Process Information:
	New Process ID:		0x278
	New Process Name:	C:\Windows\System32\lsass.exe
	Token Elevation Type:	%%1936
	Mandatory Label:		Mandatory Label\System Mandatory Level
	Creator Process ID:	0x1f8
	Creator Process Name:	C:\Windows\System32\wininit.exe
	Process Command Line:	

Token Elevation Type indicates the type of token that was assigned to the new process in accordance with User Account Control policy.

Type 1 is a full token with no privileges removed or groups disabled.  A full token is only used if User Account Control is disabled or if the user is the built-in Administrator account or a service account.

Type 2 is an elevated token with no privileges removed or groups disabled.  An elevated token is used when User Account Control is enabled and the user chooses to start the program using Run as administrator.  An elevated token is also used when an application is configured to always require administrative privilege or to always require maximum privilege, and the user is a member of the Administrators group.

Type 3 is a limited token with administrative privileges removed and administrative groups disabled.  The limited token is used when User Account Control is enabled, the application does not require administrative privilege, and the user does not choose to start the program using Run as administrator."
Audit Success,9/19/2025 21:36,Microsoft-Windows-Security-Auditing,4688,Process Creation,"A new process has been created.

Creator Subject:
	Security ID:		SYSTEM
	Account Name:		-
	Account Domain:		-
	Logon ID:		0x3E7

Target Subject:
	Security ID:		NULL SID
	Account Name:		-
	Account Domain:		-
	Logon ID:		0x0

Process Information:
	New Process ID:		0x58
	New Process Name:	Registry
	Token Elevation Type:	%%1936
	Mandatory Label:		Mandatory Label\System Mandatory Level
	Creator Process ID:	0x4
	Creator Process Name:	
	Process Command Line:	

Token Elevation Type indicates the type of token that was assigned to the new process in accordance with User Account Control policy.

Type 1 is a full token with no privileges removed or groups disabled.  A full token is only used if User Account Control is disabled or if the user is the built-in Administrator account or a service account.

Type 2 is an elevated token with no privileges removed or groups disabled.  An elevated token is used when User Account Control is enabled and the user chooses to start the program using Run as administrator.  An elevated token is also used when an application is configured to always require administrative privilege or to always require maximum privilege, and the user is a member of the Administrators group.

Type 3 is a limited token with administrative privileges removed and administrative groups disabled.  The limited token is used when User Account Control is enabled, the application does not require administrative privilege, and the user does not choose to start the program using Run as administrator."
Audit Success,9/19/2025 21:36,Microsoft-Windows-Security-Auditing,4688,Process Creation,"A new process has been created.

Creator Subject:
	Security ID:		SYSTEM
	Account Name:		-
	Account Domain:		-
	Logon ID:		0x3E7

Target Subject:
	Security ID:		NULL SID
	Account Name:		-
	Account Domain:		-
	Logon ID:		0x0

Process Information:
	New Process ID:		0x124
	New Process Name:	C:\Windows\System32\smss.exe
	Token Elevation Type:	%%1936
	Mandatory Label:		Mandatory Label\System Mandatory Level
	Creator Process ID:	0x4
	Creator Process Name:	
	Process Command Line:	

Token Elevation Type indicates the type of token that was assigned to the new process in accordance with User Account Control policy.

Type 1 is a full token with no privileges removed or groups disabled.  A full token is only used if User Account Control is disabled or if the user is the built-in Administrator account or a service account.

Type 2 is an elevated token with no privileges removed or groups disabled.  An elevated token is used when User Account Control is enabled and the user chooses to start the program using Run as administrator.  An elevated token is also used when an application is configured to always require administrative privilege or to always require maximum privilege, and the user is a member of the Administrators group.

Type 3 is a limited token with administrative privileges removed and administrative groups disabled.  The limited token is used when User Account Control is enabled, the application does not require administrative privilege, and the user does not choose to start the program using Run as administrator."
Audit Success,9/16/2025 5:20,Microsoft-Windows-Security-Auditing,4688,Process Creation,"A new process has been created.

Creator Subject:
	Security ID:		SYSTEM
	Account Name:		-
	Account Domain:		-
	Logon ID:		0x3E7

Target Subject:
	Security ID:		NULL SID
	Account Name:		-
	Account Domain:		-
	Logon ID:		0x0

Process Information:
	New Process ID:		0x1f8
	New Process Name:	C:\Windows\System32\wininit.exe
	Token Elevation Type:	%%1936
	Mandatory Label:		Mandatory Label\System Mandatory Level
	Creator Process ID:	0x188
	Creator Process Name:	C:\Windows\System32\smss.exe
	Process Command Line:	

Token Elevation Type indicates the type of token that was assigned to the new process in accordance with User Account Control policy.

Type 1 is a full token with no privileges removed or groups disabled.  A full token is only used if User Account Control is disabled or if the user is the built-in Administrator account or a service account.

Type 2 is an elevated token with no privileges removed or groups disabled.  An elevated token is used when User Account Control is enabled and the user chooses to start the program using Run as administrator.  An elevated token is also used when an application is configured to always require administrative privilege or to always require maximum privilege, and the user is a member of the Administrators group.

Type 3 is a limited token with administrative privileges removed and administrative groups disabled.  The limited token is used when User Account Control is enabled, the application does not require administrative privilege, and the user does not choose to start the program using Run as administrator."
Audit Success,9/16/2025 5:20,Microsoft-Windows-Security-Auditing,4688,Process Creation,"A new process has been created.

Creator Subject:
	Security ID:		SYSTEM
	Account Name:		-
	Account Domain:		-
	Logon ID:		0x3E7

Target Subject:
	Security ID:		NULL SID
	Account Name:		-
	Account Domain:		-
	Logon ID:		0x0

Process Information:
	New Process ID:		0x21c
	New Process Name:	C:\Windows\System32\winlogon.exe
	Token Elevation Type:	%%1936
	Mandatory Label:		Mandatory Label\System Mandatory Level
	Creator Process ID:	0x1d8
	Creator Process Name:	C:\Windows\System32\smss.exe
	Process Command Line:	

Token Elevation Type indicates the type of token that was assigned to the new process in accordance with User Account Control policy.

Type 1 is a full token with no privileges removed or groups disabled.  A full token is only used if User Account Control is disabled or if the user is the built-in Administrator account or a service account.

Type 2 is an elevated token with no privileges removed or groups disabled.  An elevated token is used when User Account Control is enabled and the user chooses to start the program using Run as administrator.  An elevated token is also used when an application is configured to always require administrative privilege or to always require maximum privilege, and the user is a member of the Administrators group.

Type 3 is a limited token with administrative privileges removed and administrative groups disabled.  The limited token is used when User Account Control is enabled, the application does not require administrative privilege, and the user does not choose to start the program using Run as administrator."
Audit Success,9/16/2025 5:21,Microsoft-Windows-Security-Auditing,4688,Process Creation,"A new process has been created.

Creator Subject:
	Security ID:		SYSTEM
	Account Name:		-
	Account Domain:		-
	Logon ID:		0x3E7

Target Subject:
	Security ID:		NULL SID
	Account Name:		-
	Account Domain:		-
	Logon ID:		0x0

Process Information:
	New Process ID:		0x270
	New Process Name:	C:\Windows\System32\services.exe
	Token Elevation Type:	%%1936
	Mandatory Label:		Mandatory Label\System Mandatory Level
	Creator Process ID:	0x1f8
	Creator Process Name:	C:\Windows\System32\wininit.exe
	Process Command Line:	

Token Elevation Type indicates the type of token that was assigned to the new process in accordance with User Account Control policy.

Type 1 is a full token with no privileges removed or groups disabled.  A full token is only used if User Account Control is disabled or if the user is the built-in Administrator account or a service account.

Type 2 is an elevated token with no privileges removed or groups disabled.  An elevated token is used when User Account Control is enabled and the user chooses to start the program using Run as administrator.  An elevated token is also used when an application is configured to always require administrative privilege or to always require maximum privilege, and the user is a member of the Administrators group.

Type 3 is a limited token with administrative privileges removed and administrative groups disabled.  The limited token is used when User Account Control is enabled, the application does not require administrative privilege, and the user does not choose to start the program using Run as administrator."
Audit Success,9/19/2025 21:36,Microsoft-Windows-Security-Auditing,4688,Process Creation,"A new process has been created.

Creator Subject:
	Security ID:		SYSTEM
	Account Name:		-
	Account Domain:		-
	Logon ID:		0x3E7

Target Subject:
	Security ID:		NULL SID
	Account Name:		-
	Account Domain:		-
	Logon ID:		0x0

Process Information:
	New Process ID:		0x140
	New Process Name:	C:\Windows\System32\autochk.exe
	Token Elevation Type:	%%1936
	Mandatory Label:		Mandatory Label\System Mandatory Level
	Creator Process ID:	0x124
	Creator Process Name:	C:\Windows\System32\smss.exe
	Process Command Line:	

Token Elevation Type indicates the type of token that was assigned to the new process in accordance with User Account Control policy.

Type 1 is a full token with no privileges removed or groups disabled.  A full token is only used if User Account Control is disabled or if the user is the built-in Administrator account or a service account.

Type 2 is an elevated token with no privileges removed or groups disabled.  An elevated token is used when User Account Control is enabled and the user chooses to start the program using Run as administrator.  An elevated token is also used when an application is configured to always require administrative privilege or to always require maximum privilege, and the user is a member of the Administrators group.

Type 3 is a limited token with administrative privileges removed and administrative groups disabled.  The limited token is used when User Account Control is enabled, the application does not require administrative privilege, and the user does not choose to start the program using Run as administrator."
Audit Success,9/19/2025 21:36,Microsoft-Windows-Security-Auditing,4688,Process Creation,"A new process has been created.

Creator Subject:
	Security ID:		SYSTEM
	Account Name:		-
	Account Domain:		-
	Logon ID:		0x3E7

Target Subject:
	Security ID:		NULL SID
	Account Name:		-
	Account Domain:		-
	Logon ID:		0x0

Process Information:
	New Process ID:		0x1d4
	New Process Name:	C:\Windows\System32\csrss.exe
	Token Elevation Type:	%%1936
	Mandatory Label:		Mandatory Label\System Mandatory Level
	Creator Process ID:	0x1cc
	Creator Process Name:	C:\Windows\System32\smss.exe
	Process Command Line:	

Token Elevation Type indicates the type of token that was assigned to the new process in accordance with User Account Control policy.

Type 1 is a full token with no privileges removed or groups disabled.  A full token is only used if User Account Control is disabled or if the user is the built-in Administrator account or a service account.

Type 2 is an elevated token with no privileges removed or groups disabled.  An elevated token is used when User Account Control is enabled and the user chooses to start the program using Run as administrator.  An elevated token is also used when an application is configured to always require administrative privilege or to always require maximum privilege, and the user is a member of the Administrators group.

Type 3 is a limited token with administrative privileges removed and administrative groups disabled.  The limited token is used when User Account Control is enabled, the application does not require administrative privilege, and the user does not choose to start the program using Run as administrator."
Audit Success,9/19/2025 21:36,Microsoft-Windows-Security-Auditing,4688,Process Creation,"A new process has been created.

Creator Subject:
	Security ID:		SYSTEM
	Account Name:		-
	Account Domain:		-
	Logon ID:		0x3E7

Target Subject:
	Security ID:		NULL SID
	Account Name:		-
	Account Domain:		-
	Logon ID:		0x0

Process Information:
	New Process ID:		0x1e8
	New Process Name:	C:\Windows\System32\wininit.exe
	Token Elevation Type:	%%1936
	Mandatory Label:		Mandatory Label\System Mandatory Level
	Creator Process ID:	0x180
	Creator Process Name:	C:\Windows\System32\smss.exe
	Process Command Line:	

Token Elevation Type indicates the type of token that was assigned to the new process in accordance with User Account Control policy.

Type 1 is a full token with no privileges removed or groups disabled.  A full token is only used if User Account Control is disabled or if the user is the built-in Administrator account or a service account.

Type 2 is an elevated token with no privileges removed or groups disabled.  An elevated token is used when User Account Control is enabled and the user chooses to start the program using Run as administrator.  An elevated token is also used when an application is configured to always require administrative privilege or to always require maximum privilege, and the user is a member of the Administrators group.

Type 3 is a limited token with administrative privileges removed and administrative groups disabled.  The limited token is used when User Account Control is enabled, the application does not require administrative privilege, and the user does not choose to start the program using Run as administrator."
Audit Success,9/19/2025 21:36,Microsoft-Windows-Security-Auditing,4688,Process Creation,"A new process has been created.

Creator Subject:
	Security ID:		SYSTEM
	Account Name:		-
	Account Domain:		-
	Logon ID:		0x3E7

Target Subject:
	Security ID:		NULL SID
	Account Name:		-
	Account Domain:		-
	Logon ID:		0x0

Process Information:
	New Process ID:		0x20c
	New Process Name:	C:\Windows\System32\winlogon.exe
	Token Elevation Type:	%%1936
	Mandatory Label:		Mandatory Label\System Mandatory Level
	Creator Process ID:	0x1cc
	Creator Process Name:	C:\Windows\System32\smss.exe
	Process Command Line:	

Token Elevation Type indicates the type of token that was assigned to the new process in accordance with User Account Control policy.

Type 1 is a full token with no privileges removed or groups disabled.  A full token is only used if User Account Control is disabled or if the user is the built-in Administrator account or a service account.

Type 2 is an elevated token with no privileges removed or groups disabled.  An elevated token is used when User Account Control is enabled and the user chooses to start the program using Run as administrator.  An elevated token is also used when an application is configured to always require administrative privilege or to always require maximum privilege, and the user is a member of the Administrators group.

Type 3 is a limited token with administrative privileges removed and administrative groups disabled.  The limited token is used when User Account Control is enabled, the application does not require administrative privilege, and the user does not choose to start the program using Run as administrator."
Audit Success,9/19/2025 21:36,Microsoft-Windows-Security-Auditing,4688,Process Creation,"A new process has been created.

Creator Subject:
	Security ID:		SYSTEM
	Account Name:		-
	Account Domain:		-
	Logon ID:		0x3E7

Target Subject:
	Security ID:		NULL SID
	Account Name:		-
	Account Domain:		-
	Logon ID:		0x0

Process Information:
	New Process ID:		0x180
	New Process Name:	C:\Windows\System32\smss.exe
	Token Elevation Type:	%%1936
	Mandatory Label:		Mandatory Label\System Mandatory Level
	Creator Process ID:	0x124
	Creator Process Name:	C:\Windows\System32\smss.exe
	Process Command Line:	

Token Elevation Type indicates the type of token that was assigned to the new process in accordance with User Account Control policy.

Type 1 is a full token with no privileges removed or groups disabled.  A full token is only used if User Account Control is disabled or if the user is the built-in Administrator account or a service account.

Type 2 is an elevated token with no privileges removed or groups disabled.  An elevated token is used when User Account Control is enabled and the user chooses to start the program using Run as administrator.  An elevated token is also used when an application is configured to always require administrative privilege or to always require maximum privilege, and the user is a member of the Administrators group.

Type 3 is a limited token with administrative privileges removed and administrative groups disabled.  The limited token is used when User Account Control is enabled, the application does not require administrative privilege, and the user does not choose to start the program using Run as administrator."
Audit Success,9/19/2025 21:36,Microsoft-Windows-Security-Auditing,4688,Process Creation,"A new process has been created.

Creator Subject:
	Security ID:		SYSTEM
	Account Name:		-
	Account Domain:		-
	Logon ID:		0x3E7

Target Subject:
	Security ID:		NULL SID
	Account Name:		-
	Account Domain:		-
	Logon ID:		0x0

Process Information:
	New Process ID:		0x188
	New Process Name:	C:\Windows\System32\csrss.exe
	Token Elevation Type:	%%1936
	Mandatory Label:		Mandatory Label\System Mandatory Level
	Creator Process ID:	0x180
	Creator Process Name:	C:\Windows\System32\smss.exe
	Process Command Line:	

Token Elevation Type indicates the type of token that was assigned to the new process in accordance with User Account Control policy.

Type 1 is a full token with no privileges removed or groups disabled.  A full token is only used if User Account Control is disabled or if the user is the built-in Administrator account or a service account.

Type 2 is an elevated token with no privileges removed or groups disabled.  An elevated token is used when User Account Control is enabled and the user chooses to start the program using Run as administrator.  An elevated token is also used when an application is configured to always require administrative privilege or to always require maximum privilege, and the user is a member of the Administrators group.

Type 3 is a limited token with administrative privileges removed and administrative groups disabled.  The limited token is used when User Account Control is enabled, the application does not require administrative privilege, and the user does not choose to start the program using Run as administrator."
Audit Success,9/19/2025 21:36,Microsoft-Windows-Security-Auditing,4688,Process Creation,"A new process has been created.

Creator Subject:
	Security ID:		SYSTEM
	Account Name:		-
	Account Domain:		-
	Logon ID:		0x3E7

Target Subject:
	Security ID:		NULL SID
	Account Name:		-
	Account Domain:		-
	Logon ID:		0x0

Process Information:
	New Process ID:		0x1cc
	New Process Name:	C:\Windows\System32\smss.exe
	Token Elevation Type:	%%1936
	Mandatory Label:		Mandatory Label\System Mandatory Level
	Creator Process ID:	0x124
	Creator Process Name:	C:\Windows\System32\smss.exe
	Process Command Line:	

Token Elevation Type indicates the type of token that was assigned to the new process in accordance with User Account Control policy.

Type 1 is a full token with no privileges removed or groups disabled.  A full token is only used if User Account Control is disabled or if the user is the built-in Administrator account or a service account.

Type 2 is an elevated token with no privileges removed or groups disabled.  An elevated token is used when User Account Control is enabled and the user chooses to start the program using Run as administrator.  An elevated token is also used when an application is configured to always require administrative privilege or to always require maximum privilege, and the user is a member of the Administrators group.

Type 3 is a limited token with administrative privileges removed and administrative groups disabled.  The limited token is used when User Account Control is enabled, the application does not require administrative privilege, and the user does not choose to start the program using Run as administrator."
Audit Success,9/16/2025 5:20,Microsoft-Windows-Security-Auditing,4688,Process Creation,"A new process has been created.

Creator Subject:
	Security ID:		SYSTEM
	Account Name:		-
	Account Domain:		-
	Logon ID:		0x3E7

Target Subject:
	Security ID:		NULL SID
	Account Name:		-
	Account Domain:		-
	Logon ID:		0x0

Process Information:
	New Process ID:		0x1e0
	New Process Name:	C:\Windows\System32\csrss.exe
	Token Elevation Type:	%%1936
	Mandatory Label:		Mandatory Label\System Mandatory Level
	Creator Process ID:	0x1d8
	Creator Process Name:	C:\Windows\System32\smss.exe
	Process Command Line:	

Token Elevation Type indicates the type of token that was assigned to the new process in accordance with User Account Control policy.

Type 1 is a full token with no privileges removed or groups disabled.  A full token is only used if User Account Control is disabled or if the user is the built-in Administrator account or a service account.

Type 2 is an elevated token with no privileges removed or groups disabled.  An elevated token is used when User Account Control is enabled and the user chooses to start the program using Run as administrator.  An elevated token is also used when an application is configured to always require administrative privilege or to always require maximum privilege, and the user is a member of the Administrators group.

Type 3 is a limited token with administrative privileges removed and administrative groups disabled.  The limited token is used when User Account Control is enabled, the application does not require administrative privilege, and the user does not choose to start the program using Run as administrator."
Audit Success,2/8/2025 8:42,Microsoft-Windows-Security-Auditing,4688,Process Creation,"A new process has been created.

Creator Subject:
	Security ID:		SYSTEM
	Account Name:		-
	Account Domain:		-
	Logon ID:		0x3E7

Target Subject:
	Security ID:		NULL SID
	Account Name:		-
	Account Domain:		-
	Logon ID:		0x0

Process Information:
	New Process ID:		0x1e0
	New Process Name:	C:\Windows\System32\wininit.exe
	Token Elevation Type:	%%1936
	Mandatory Label:		Mandatory Label\System Mandatory Level
	Creator Process ID:	0x17c
	Creator Process Name:	C:\Windows\System32\smss.exe
	Process Command Line:	

Token Elevation Type indicates the type of token that was assigned to the new process in accordance with User Account Control policy.

Type 1 is a full token with no privileges removed or groups disabled.  A full token is only used if User Account Control is disabled or if the user is the built-in Administrator account or a service account.

Type 2 is an elevated token with no privileges removed or groups disabled.  An elevated token is used when User Account Control is enabled and the user chooses to start the program using Run as administrator.  An elevated token is also used when an application is configured to always require administrative privilege or to always require maximum privilege, and the user is a member of the Administrators group.

Type 3 is a limited token with administrative privileges removed and administrative groups disabled.  The limited token is used when User Account Control is enabled, the application does not require administrative privilege, and the user does not choose to start the program using Run as administrator."
Audit Success,2/8/2025 8:42,Microsoft-Windows-Security-Auditing,4688,Process Creation,"A new process has been created.

Creator Subject:
	Security ID:		SYSTEM
	Account Name:		-
	Account Domain:		-
	Logon ID:		0x3E7

Target Subject:
	Security ID:		NULL SID
	Account Name:		-
	Account Domain:		-
	Logon ID:		0x0

Process Information:
	New Process ID:		0x21c
	New Process Name:	C:\Windows\System32\winlogon.exe
	Token Elevation Type:	%%1936
	Mandatory Label:		Mandatory Label\System Mandatory Level
	Creator Process ID:	0x1d0
	Creator Process Name:	C:\Windows\System32\smss.exe
	Process Command Line:	

Token Elevation Type indicates the type of token that was assigned to the new process in accordance with User Account Control policy.

Type 1 is a full token with no privileges removed or groups disabled.  A full token is only used if User Account Control is disabled or if the user is the built-in Administrator account or a service account.

Type 2 is an elevated token with no privileges removed or groups disabled.  An elevated token is used when User Account Control is enabled and the user chooses to start the program using Run as administrator.  An elevated token is also used when an application is configured to always require administrative privilege or to always require maximum privilege, and the user is a member of the Administrators group.

Type 3 is a limited token with administrative privileges removed and administrative groups disabled.  The limited token is used when User Account Control is enabled, the application does not require administrative privilege, and the user does not choose to start the program using Run as administrator."
Audit Success,2/8/2025 8:42,Microsoft-Windows-Security-Auditing,4688,Process Creation,"A new process has been created.

Creator Subject:
	Security ID:		SYSTEM
	Account Name:		-
	Account Domain:		-
	Logon ID:		0x3E7

Target Subject:
	Security ID:		NULL SID
	Account Name:		-
	Account Domain:		-
	Logon ID:		0x0

Process Information:
	New Process ID:		0x260
	New Process Name:	C:\Windows\System32\services.exe
	Token Elevation Type:	%%1936
	Mandatory Label:		Mandatory Label\System Mandatory Level
	Creator Process ID:	0x1e0
	Creator Process Name:	C:\Windows\System32\wininit.exe
	Process Command Line:	

Token Elevation Type indicates the type of token that was assigned to the new process in accordance with User Account Control policy.

Type 1 is a full token with no privileges removed or groups disabled.  A full token is only used if User Account Control is disabled or if the user is the built-in Administrator account or a service account.

Type 2 is an elevated token with no privileges removed or groups disabled.  An elevated token is used when User Account Control is enabled and the user chooses to start the program using Run as administrator.  An elevated token is also used when an application is configured to always require administrative privilege or to always require maximum privilege, and the user is a member of the Administrators group.

Type 3 is a limited token with administrative privileges removed and administrative groups disabled.  The limited token is used when User Account Control is enabled, the application does not require administrative privilege, and the user does not choose to start the program using Run as administrator."
Audit Success,2/8/2025 8:42,Microsoft-Windows-Security-Auditing,4688,Process Creation,"A new process has been created.

Creator Subject:
	Security ID:		SYSTEM
	Account Name:		-
	Account Domain:		-
	Logon ID:		0x3E7

Target Subject:
	Security ID:		NULL SID
	Account Name:		-
	Account Domain:		-
	Logon ID:		0x0

Process Information:
	New Process ID:		0x184
	New Process Name:	C:\Windows\System32\csrss.exe
	Token Elevation Type:	%%1936
	Mandatory Label:		Mandatory Label\System Mandatory Level
	Creator Process ID:	0x17c
	Creator Process Name:	C:\Windows\System32\smss.exe
	Process Command Line:	

Token Elevation Type indicates the type of token that was assigned to the new process in accordance with User Account Control policy.

Type 1 is a full token with no privileges removed or groups disabled.  A full token is only used if User Account Control is disabled or if the user is the built-in Administrator account or a service account.

Type 2 is an elevated token with no privileges removed or groups disabled.  An elevated token is used when User Account Control is enabled and the user chooses to start the program using Run as administrator.  An elevated token is also used when an application is configured to always require administrative privilege or to always require maximum privilege, and the user is a member of the Administrators group.

Type 3 is a limited token with administrative privileges removed and administrative groups disabled.  The limited token is used when User Account Control is enabled, the application does not require administrative privilege, and the user does not choose to start the program using Run as administrator."
Audit Success,2/8/2025 8:42,Microsoft-Windows-Security-Auditing,4688,Process Creation,"A new process has been created.

Creator Subject:
	Security ID:		SYSTEM
	Account Name:		-
	Account Domain:		-
	Logon ID:		0x3E7

Target Subject:
	Security ID:		NULL SID
	Account Name:		-
	Account Domain:		-
	Logon ID:		0x0

Process Information:
	New Process ID:		0x1d0
	New Process Name:	C:\Windows\System32\smss.exe
	Token Elevation Type:	%%1936
	Mandatory Label:		Mandatory Label\System Mandatory Level
	Creator Process ID:	0x120
	Creator Process Name:	C:\Windows\System32\smss.exe
	Process Command Line:	

Token Elevation Type indicates the type of token that was assigned to the new process in accordance with User Account Control policy.

Type 1 is a full token with no privileges removed or groups disabled.  A full token is only used if User Account Control is disabled or if the user is the built-in Administrator account or a service account.

Type 2 is an elevated token with no privileges removed or groups disabled.  An elevated token is used when User Account Control is enabled and the user chooses to start the program using Run as administrator.  An elevated token is also used when an application is configured to always require administrative privilege or to always require maximum privilege, and the user is a member of the Administrators group.

Type 3 is a limited token with administrative privileges removed and administrative groups disabled.  The limited token is used when User Account Control is enabled, the application does not require administrative privilege, and the user does not choose to start the program using Run as administrator."
Audit Success,2/8/2025 8:42,Microsoft-Windows-Security-Auditing,4688,Process Creation,"A new process has been created.

Creator Subject:
	Security ID:		SYSTEM
	Account Name:		-
	Account Domain:		-
	Logon ID:		0x3E7

Target Subject:
	Security ID:		NULL SID
	Account Name:		-
	Account Domain:		-
	Logon ID:		0x0

Process Information:
	New Process ID:		0x1d8
	New Process Name:	C:\Windows\System32\csrss.exe
	Token Elevation Type:	%%1936
	Mandatory Label:		Mandatory Label\System Mandatory Level
	Creator Process ID:	0x1d0
	Creator Process Name:	C:\Windows\System32\smss.exe
	Process Command Line:	

Token Elevation Type indicates the type of token that was assigned to the new process in accordance with User Account Control policy.

Type 1 is a full token with no privileges removed or groups disabled.  A full token is only used if User Account Control is disabled or if the user is the built-in Administrator account or a service account.

Type 2 is an elevated token with no privileges removed or groups disabled.  An elevated token is used when User Account Control is enabled and the user chooses to start the program using Run as administrator.  An elevated token is also used when an application is configured to always require administrative privilege or to always require maximum privilege, and the user is a member of the Administrators group.

Type 3 is a limited token with administrative privileges removed and administrative groups disabled.  The limited token is used when User Account Control is enabled, the application does not require administrative privilege, and the user does not choose to start the program using Run as administrator."
Audit Success,2/8/2025 8:42,Microsoft-Windows-Security-Auditing,4688,Process Creation,"A new process has been created.

Creator Subject:
	Security ID:		SYSTEM
	Account Name:		-
	Account Domain:		-
	Logon ID:		0x3E7

Target Subject:
	Security ID:		NULL SID
	Account Name:		-
	Account Domain:		-
	Logon ID:		0x0

Process Information:
	New Process ID:		0x274
	New Process Name:	C:\Windows\System32\lsass.exe
	Token Elevation Type:	%%1936
	Mandatory Label:		Mandatory Label\System Mandatory Level
	Creator Process ID:	0x1e0
	Creator Process Name:	C:\Windows\System32\wininit.exe
	Process Command Line:	

Token Elevation Type indicates the type of token that was assigned to the new process in accordance with User Account Control policy.

Type 1 is a full token with no privileges removed or groups disabled.  A full token is only used if User Account Control is disabled or if the user is the built-in Administrator account or a service account.

Type 2 is an elevated token with no privileges removed or groups disabled.  An elevated token is used when User Account Control is enabled and the user chooses to start the program using Run as administrator.  An elevated token is also used when an application is configured to always require administrative privilege or to always require maximum privilege, and the user is a member of the Administrators group.

Type 3 is a limited token with administrative privileges removed and administrative groups disabled.  The limited token is used when User Account Control is enabled, the application does not require administrative privilege, and the user does not choose to start the program using Run as administrator."
Audit Success,9/16/2025 5:20,Microsoft-Windows-Security-Auditing,4688,Process Creation,"A new process has been created.

Creator Subject:
	Security ID:		SYSTEM
	Account Name:		-
	Account Domain:		-
	Logon ID:		0x3E7

Target Subject:
	Security ID:		NULL SID
	Account Name:		-
	Account Domain:		-
	Logon ID:		0x0

Process Information:
	New Process ID:		0x188
	New Process Name:	C:\Windows\System32\smss.exe
	Token Elevation Type:	%%1936
	Mandatory Label:		Mandatory Label\System Mandatory Level
	Creator Process ID:	0x124
	Creator Process Name:	C:\Windows\System32\smss.exe
	Process Command Line:	

Token Elevation Type indicates the type of token that was assigned to the new process in accordance with User Account Control policy.

Type 1 is a full token with no privileges removed or groups disabled.  A full token is only used if User Account Control is disabled or if the user is the built-in Administrator account or a service account.

Type 2 is an elevated token with no privileges removed or groups disabled.  An elevated token is used when User Account Control is enabled and the user chooses to start the program using Run as administrator.  An elevated token is also used when an application is configured to always require administrative privilege or to always require maximum privilege, and the user is a member of the Administrators group.

Type 3 is a limited token with administrative privileges removed and administrative groups disabled.  The limited token is used when User Account Control is enabled, the application does not require administrative privilege, and the user does not choose to start the program using Run as administrator."
Audit Success,9/16/2025 5:20,Microsoft-Windows-Security-Auditing,4688,Process Creation,"A new process has been created.

Creator Subject:
	Security ID:		SYSTEM
	Account Name:		-
	Account Domain:		-
	Logon ID:		0x3E7

Target Subject:
	Security ID:		NULL SID
	Account Name:		-
	Account Domain:		-
	Logon ID:		0x0

Process Information:
	New Process ID:		0x194
	New Process Name:	C:\Windows\System32\csrss.exe
	Token Elevation Type:	%%1936
	Mandatory Label:		Mandatory Label\System Mandatory Level
	Creator Process ID:	0x188
	Creator Process Name:	C:\Windows\System32\smss.exe
	Process Command Line:	

Token Elevation Type indicates the type of token that was assigned to the new process in accordance with User Account Control policy.

Type 1 is a full token with no privileges removed or groups disabled.  A full token is only used if User Account Control is disabled or if the user is the built-in Administrator account or a service account.

Type 2 is an elevated token with no privileges removed or groups disabled.  An elevated token is used when User Account Control is enabled and the user chooses to start the program using Run as administrator.  An elevated token is also used when an application is configured to always require administrative privilege or to always require maximum privilege, and the user is a member of the Administrators group.

Type 3 is a limited token with administrative privileges removed and administrative groups disabled.  The limited token is used when User Account Control is enabled, the application does not require administrative privilege, and the user does not choose to start the program using Run as administrator."
Audit Success,9/16/2025 5:20,Microsoft-Windows-Security-Auditing,4688,Process Creation,"A new process has been created.

Creator Subject:
	Security ID:		SYSTEM
	Account Name:		-
	Account Domain:		-
	Logon ID:		0x3E7

Target Subject:
	Security ID:		NULL SID
	Account Name:		-
	Account Domain:		-
	Logon ID:		0x0

Process Information:
	New Process ID:		0x1d8
	New Process Name:	C:\Windows\System32\smss.exe
	Token Elevation Type:	%%1936
	Mandatory Label:		Mandatory Label\System Mandatory Level
	Creator Process ID:	0x124
	Creator Process Name:	C:\Windows\System32\smss.exe
	Process Command Line:	

Token Elevation Type indicates the type of token that was assigned to the new process in accordance with User Account Control policy.

Type 1 is a full token with no privileges removed or groups disabled.  A full token is only used if User Account Control is disabled or if the user is the built-in Administrator account or a service account.

Type 2 is an elevated token with no privileges removed or groups disabled.  An elevated token is used when User Account Control is enabled and the user chooses to start the program using Run as administrator.  An elevated token is also used when an application is configured to always require administrative privilege or to always require maximum privilege, and the user is a member of the Administrators group.

Type 3 is a limited token with administrative privileges removed and administrative groups disabled.  The limited token is used when User Account Control is enabled, the application does not require administrative privilege, and the user does not choose to start the program using Run as administrator."
Audit Success,9/16/2025 5:20,Microsoft-Windows-Security-Auditing,4688,Process Creation,"A new process has been created.

Creator Subject:
	Security ID:		SYSTEM
	Account Name:		-
	Account Domain:		-
	Logon ID:		0x3E7

Target Subject:
	Security ID:		NULL SID
	Account Name:		-
	Account Domain:		-
	Logon ID:		0x0

Process Information:
	New Process ID:		0x58
	New Process Name:	Registry
	Token Elevation Type:	%%1936
	Mandatory Label:		Mandatory Label\System Mandatory Level
	Creator Process ID:	0x4
	Creator Process Name:	
	Process Command Line:	

Token Elevation Type indicates the type of token that was assigned to the new process in accordance with User Account Control policy.

Type 1 is a full token with no privileges removed or groups disabled.  A full token is only used if User Account Control is disabled or if the user is the built-in Administrator account or a service account.

Type 2 is an elevated token with no privileges removed or groups disabled.  An elevated token is used when User Account Control is enabled and the user chooses to start the program using Run as administrator.  An elevated token is also used when an application is configured to always require administrative privilege or to always require maximum privilege, and the user is a member of the Administrators group.

Type 3 is a limited token with administrative privileges removed and administrative groups disabled.  The limited token is used when User Account Control is enabled, the application does not require administrative privilege, and the user does not choose to start the program using Run as administrator."
Audit Success,9/16/2025 5:20,Microsoft-Windows-Security-Auditing,4688,Process Creation,"A new process has been created.

Creator Subject:
	Security ID:		SYSTEM
	Account Name:		-
	Account Domain:		-
	Logon ID:		0x3E7

Target Subject:
	Security ID:		NULL SID
	Account Name:		-
	Account Domain:		-
	Logon ID:		0x0

Process Information:
	New Process ID:		0x124
	New Process Name:	C:\Windows\System32\smss.exe
	Token Elevation Type:	%%1936
	Mandatory Label:		Mandatory Label\System Mandatory Level
	Creator Process ID:	0x4
	Creator Process Name:	
	Process Command Line:	

Token Elevation Type indicates the type of token that was assigned to the new process in accordance with User Account Control policy.

Type 1 is a full token with no privileges removed or groups disabled.  A full token is only used if User Account Control is disabled or if the user is the built-in Administrator account or a service account.

Type 2 is an elevated token with no privileges removed or groups disabled.  An elevated token is used when User Account Control is enabled and the user chooses to start the program using Run as administrator.  An elevated token is also used when an application is configured to always require administrative privilege or to always require maximum privilege, and the user is a member of the Administrators group.

Type 3 is a limited token with administrative privileges removed and administrative groups disabled.  The limited token is used when User Account Control is enabled, the application does not require administrative privilege, and the user does not choose to start the program using Run as administrator."
Audit Success,9/16/2025 5:20,Microsoft-Windows-Security-Auditing,4688,Process Creation,"A new process has been created.

Creator Subject:
	Security ID:		SYSTEM
	Account Name:		-
	Account Domain:		-
	Logon ID:		0x3E7

Target Subject:
	Security ID:		NULL SID
	Account Name:		-
	Account Domain:		-
	Logon ID:		0x0

Process Information:
	New Process ID:		0x148
	New Process Name:	C:\Windows\System32\autochk.exe
	Token Elevation Type:	%%1936
	Mandatory Label:		Mandatory Label\System Mandatory Level
	Creator Process ID:	0x124
	Creator Process Name:	C:\Windows\System32\smss.exe
	Process Command Line:	

Token Elevation Type indicates the type of token that was assigned to the new process in accordance with User Account Control policy.

Type 1 is a full token with no privileges removed or groups disabled.  A full token is only used if User Account Control is disabled or if the user is the built-in Administrator account or a service account.

Type 2 is an elevated token with no privileges removed or groups disabled.  An elevated token is used when User Account Control is enabled and the user chooses to start the program using Run as administrator.  An elevated token is also used when an application is configured to always require administrative privilege or to always require maximum privilege, and the user is a member of the Administrators group.

Type 3 is a limited token with administrative privileges removed and administrative groups disabled.  The limited token is used when User Account Control is enabled, the application does not require administrative privilege, and the user does not choose to start the program using Run as administrator."
Audit Success,9/22/2025 21:02,Microsoft-Windows-Security-Auditing,4688,Process Creation,"A new process has been created.

Creator Subject:
	Security ID:		SYSTEM
	Account Name:		-
	Account Domain:		-
	Logon ID:		0x3E7

Target Subject:
	Security ID:		NULL SID
	Account Name:		-
	Account Domain:		-
	Logon ID:		0x0

Process Information:
	New Process ID:		0x26c
	New Process Name:	C:\Windows\System32\services.exe
	Token Elevation Type:	%%1936
	Mandatory Label:		Mandatory Label\System Mandatory Level
	Creator Process ID:	0x1f8
	Creator Process Name:	C:\Windows\System32\wininit.exe
	Process Command Line:	

Token Elevation Type indicates the type of token that was assigned to the new process in accordance with User Account Control policy.

Type 1 is a full token with no privileges removed or groups disabled.  A full token is only used if User Account Control is disabled or if the user is the built-in Administrator account or a service account.

Type 2 is an elevated token with no privileges removed or groups disabled.  An elevated token is used when User Account Control is enabled and the user chooses to start the program using Run as administrator.  An elevated token is also used when an application is configured to always require administrative privilege or to always require maximum privilege, and the user is a member of the Administrators group.

Type 3 is a limited token with administrative privileges removed and administrative groups disabled.  The limited token is used when User Account Control is enabled, the application does not require administrative privilege, and the user does not choose to start the program using Run as administrator."
Audit Success,11/3/2025 1:08,Microsoft-Windows-Security-Auditing,4688,Process Creation,"A new process has been created.

Creator Subject:
	Security ID:		SYSTEM
	Account Name:		WIN-SIVMS1G7J74$
	Account Domain:		WORKGROUP
	Logon ID:		0x3E7

Target Subject:
	Security ID:		NULL SID
	Account Name:		-
	Account Domain:		-
	Logon ID:		0x0

Process Information:
	New Process ID:		0xb94
	New Process Name:	C:\Windows\System32\taskhostw.exe
	Token Elevation Type:	%%1936
	Mandatory Label:		Mandatory Label\System Mandatory Level
	Creator Process ID:	0x578
	Creator Process Name:	C:\Windows\System32\svchost.exe
	Process Command Line:	taskhostw.exe

Token Elevation Type indicates the type of token that was assigned to the new process in accordance with User Account Control policy.

Type 1 is a full token with no privileges removed or groups disabled.  A full token is only used if User Account Control is disabled or if the user is the built-in Administrator account or a service account.

Type 2 is an elevated token with no privileges removed or groups disabled.  An elevated token is used when User Account Control is enabled and the user chooses to start the program using Run as administrator.  An elevated token is also used when an application is configured to always require administrative privilege or to always require maximum privilege, and the user is a member of the Administrators group.

Type 3 is a limited token with administrative privileges removed and administrative groups disabled.  The limited token is used when User Account Control is enabled, the application does not require administrative privilege, and the user does not choose to start the program using Run as administrator."
Audit Success,11/3/2025 1:08,Microsoft-Windows-Security-Auditing,4688,Process Creation,"A new process has been created.

Creator Subject:
	Security ID:		SYSTEM
	Account Name:		WIN-SIVMS1G7J74$
	Account Domain:		WORKGROUP
	Logon ID:		0x3E7

Target Subject:
	Security ID:		NULL SID
	Account Name:		-
	Account Domain:		-
	Logon ID:		0x0

Process Information:
	New Process ID:		0x1300
	New Process Name:	C:\Windows\System32\taskhostw.exe
	Token Elevation Type:	%%1936
	Mandatory Label:		Mandatory Label\System Mandatory Level
	Creator Process ID:	0x578
	Creator Process Name:	C:\Windows\System32\svchost.exe
	Process Command Line:	taskhostw.exe ExploitGuardPolicy

Token Elevation Type indicates the type of token that was assigned to the new process in accordance with User Account Control policy.

Type 1 is a full token with no privileges removed or groups disabled.  A full token is only used if User Account Control is disabled or if the user is the built-in Administrator account or a service account.

Type 2 is an elevated token with no privileges removed or groups disabled.  An elevated token is used when User Account Control is enabled and the user chooses to start the program using Run as administrator.  An elevated token is also used when an application is configured to always require administrative privilege or to always require maximum privilege, and the user is a member of the Administrators group.

Type 3 is a limited token with administrative privileges removed and administrative groups disabled.  The limited token is used when User Account Control is enabled, the application does not require administrative privilege, and the user does not choose to start the program using Run as administrator."
Audit Success,11/3/2025 1:08,Microsoft-Windows-Security-Auditing,4688,Process Creation,"A new process has been created.

Creator Subject:
	Security ID:		WIN-SIVMS1G7J74\Administrator
	Account Name:		Administrator
	Account Domain:		WIN-SIVMS1G7J74
	Logon ID:		0x850D1

Target Subject:
	Security ID:		NULL SID
	Account Name:		-
	Account Domain:		-
	Logon ID:		0x0

Process Information:
	New Process ID:		0xbb0
	New Process Name:	C:\Windows\System32\mmc.exe
	Token Elevation Type:	%%1936
	Mandatory Label:		Mandatory Label\High Mandatory Level
	Creator Process ID:	0x668
	Creator Process Name:	C:\Windows\explorer.exe
	Process Command Line:	""C:\Windows\system32\mmc.exe"" ""C:\Windows\system32\eventvwr.msc"" /s

Token Elevation Type indicates the type of token that was assigned to the new process in accordance with User Account Control policy.

Type 1 is a full token with no privileges removed or groups disabled.  A full token is only used if User Account Control is disabled or if the user is the built-in Administrator account or a service account.

Type 2 is an elevated token with no privileges removed or groups disabled.  An elevated token is used when User Account Control is enabled and the user chooses to start the program using Run as administrator.  An elevated token is also used when an application is configured to always require administrative privilege or to always require maximum privilege, and the user is a member of the Administrators group.

Type 3 is a limited token with administrative privileges removed and administrative groups disabled.  The limited token is used when User Account Control is enabled, the application does not require administrative privilege, and the user does not choose to start the program using Run as administrator."
Audit Success,11/3/2025 1:08,Microsoft-Windows-Security-Auditing,4688,Process Creation,"A new process has been created.

Creator Subject:
	Security ID:		SYSTEM
	Account Name:		WIN-SIVMS1G7J74$
	Account Domain:		WORKGROUP
	Logon ID:		0x3E7

Target Subject:
	Security ID:		NULL SID
	Account Name:		-
	Account Domain:		-
	Logon ID:		0x0

Process Information:
	New Process ID:		0x1190
	New Process Name:	C:\Windows\System32\svchost.exe
	Token Elevation Type:	%%1936
	Mandatory Label:		Mandatory Label\System Mandatory Level
	Creator Process ID:	0x264
	Creator Process Name:	C:\Windows\System32\services.exe
	Process Command Line:	C:\Windows\System32\svchost.exe -k NetSvcs -p -s NcaSvc

Token Elevation Type indicates the type of token that was assigned to the new process in accordance with User Account Control policy.

Type 1 is a full token with no privileges removed or groups disabled.  A full token is only used if User Account Control is disabled or if the user is the built-in Administrator account or a service account.

Type 2 is an elevated token with no privileges removed or groups disabled.  An elevated token is used when User Account Control is enabled and the user chooses to start the program using Run as administrator.  An elevated token is also used when an application is configured to always require administrative privilege or to always require maximum privilege, and the user is a member of the Administrators group.

Type 3 is a limited token with administrative privileges removed and administrative groups disabled.  The limited token is used when User Account Control is enabled, the application does not require administrative privilege, and the user does not choose to start the program using Run as administrator."
Audit Success,11/3/2025 1:08,Microsoft-Windows-Security-Auditing,4688,Process Creation,"A new process has been created.

Creator Subject:
	Security ID:		SYSTEM
	Account Name:		WIN-SIVMS1G7J74$
	Account Domain:		WORKGROUP
	Logon ID:		0x3E7

Target Subject:
	Security ID:		NULL SID
	Account Name:		-
	Account Domain:		-
	Logon ID:		0x0

Process Information:
	New Process ID:		0xd20
	New Process Name:	C:\Windows\System32\taskhostw.exe
	Token Elevation Type:	%%1936
	Mandatory Label:		Mandatory Label\System Mandatory Level
	Creator Process ID:	0x578
	Creator Process Name:	C:\Windows\System32\svchost.exe
	Process Command Line:	taskhostw.exe SYSTEM

Token Elevation Type indicates the type of token that was assigned to the new process in accordance with User Account Control policy.

Type 1 is a full token with no privileges removed or groups disabled.  A full token is only used if User Account Control is disabled or if the user is the built-in Administrator account or a service account.

Type 2 is an elevated token with no privileges removed or groups disabled.  An elevated token is used when User Account Control is enabled and the user chooses to start the program using Run as administrator.  An elevated token is also used when an application is configured to always require administrative privilege or to always require maximum privilege, and the user is a member of the Administrators group.

Type 3 is a limited token with administrative privileges removed and administrative groups disabled.  The limited token is used when User Account Control is enabled, the application does not require administrative privilege, and the user does not choose to start the program using Run as administrator."
Audit Success,11/3/2025 1:08,Microsoft-Windows-Security-Auditing,4688,Process Creation,"A new process has been created.

Creator Subject:
	Security ID:		SYSTEM
	Account Name:		WIN-SIVMS1G7J74$
	Account Domain:		WORKGROUP
	Logon ID:		0x3E7

Target Subject:
	Security ID:		NULL SID
	Account Name:		-
	Account Domain:		-
	Logon ID:		0x0

Process Information:
	New Process ID:		0xe10
	New Process Name:	C:\Windows\System32\taskhostw.exe
	Token Elevation Type:	%%1936
	Mandatory Label:		Mandatory Label\System Mandatory Level
	Creator Process ID:	0x578
	Creator Process Name:	C:\Windows\System32\svchost.exe
	Process Command Line:	taskhostw.exe

Token Elevation Type indicates the type of token that was assigned to the new process in accordance with User Account Control policy.

Type 1 is a full token with no privileges removed or groups disabled.  A full token is only used if User Account Control is disabled or if the user is the built-in Administrator account or a service account.

Type 2 is an elevated token with no privileges removed or groups disabled.  An elevated token is used when User Account Control is enabled and the user chooses to start the program using Run as administrator.  An elevated token is also used when an application is configured to always require administrative privilege or to always require maximum privilege, and the user is a member of the Administrators group.

Type 3 is a limited token with administrative privileges removed and administrative groups disabled.  The limited token is used when User Account Control is enabled, the application does not require administrative privilege, and the user does not choose to start the program using Run as administrator."
Audit Success,11/3/2025 1:08,Microsoft-Windows-Security-Auditing,4688,Process Creation,"A new process has been created.

Creator Subject:
	Security ID:		SYSTEM
	Account Name:		WIN-SIVMS1G7J74$
	Account Domain:		WORKGROUP
	Logon ID:		0x3E7

Target Subject:
	Security ID:		NULL SID
	Account Name:		Administrator
	Account Domain:		WIN-SIVMS1G7J74
	Logon ID:		0x850D1

Process Information:
	New Process ID:		0x1274
	New Process Name:	C:\Windows\System32\backgroundTaskHost.exe
	Token Elevation Type:	%%1936
	Mandatory Label:		Mandatory Label\Low Mandatory Level
	Creator Process ID:	0x2f4
	Creator Process Name:	C:\Windows\System32\svchost.exe
	Process Command Line:	""C:\Windows\system32\backgroundTaskHost.exe"" -ServerName:CortanaUI.AppXy7vb4pc2dr3kc93kfc509b1d0arkfb2x.mca

Token Elevation Type indicates the type of token that was assigned to the new process in accordance with User Account Control policy.

Type 1 is a full token with no privileges removed or groups disabled.  A full token is only used if User Account Control is disabled or if the user is the built-in Administrator account or a service account.

Type 2 is an elevated token with no privileges removed or groups disabled.  An elevated token is used when User Account Control is enabled and the user chooses to start the program using Run as administrator.  An elevated token is also used when an application is configured to always require administrative privilege or to always require maximum privilege, and the user is a member of the Administrators group.

Type 3 is a limited token with administrative privileges removed and administrative groups disabled.  The limited token is used when User Account Control is enabled, the application does not require administrative privilege, and the user does not choose to start the program using Run as administrator."
Audit Success,11/3/2025 1:11,Microsoft-Windows-Security-Auditing,4688,Process Creation,"A new process has been created.

Creator Subject:
	Security ID:		SYSTEM
	Account Name:		WIN-SIVMS1G7J74$
	Account Domain:		WORKGROUP
	Logon ID:		0x3E7

Target Subject:
	Security ID:		NULL SID
	Account Name:		-
	Account Domain:		-
	Logon ID:		0x0

Process Information:
	New Process ID:		0xf94
	New Process Name:	C:\Windows\servicing\TrustedInstaller.exe
	Token Elevation Type:	%%1936
	Mandatory Label:		Mandatory Label\System Mandatory Level
	Creator Process ID:	0x264
	Creator Process Name:	C:\Windows\System32\services.exe
	Process Command Line:	C:\Windows\servicing\TrustedInstaller.exe

Token Elevation Type indicates the type of token that was assigned to the new process in accordance with User Account Control policy.

Type 1 is a full token with no privileges removed or groups disabled.  A full token is only used if User Account Control is disabled or if the user is the built-in Administrator account or a service account.

Type 2 is an elevated token with no privileges removed or groups disabled.  An elevated token is used when User Account Control is enabled and the user chooses to start the program using Run as administrator.  An elevated token is also used when an application is configured to always require administrative privilege or to always require maximum privilege, and the user is a member of the Administrators group.

Type 3 is a limited token with administrative privileges removed and administrative groups disabled.  The limited token is used when User Account Control is enabled, the application does not require administrative privilege, and the user does not choose to start the program using Run as administrator."
Audit Success,11/3/2025 1:11,Microsoft-Windows-Security-Auditing,4688,Process Creation,"A new process has been created.

Creator Subject:
	Security ID:		SYSTEM
	Account Name:		WIN-SIVMS1G7J74$
	Account Domain:		WORKGROUP
	Logon ID:		0x3E7

Target Subject:
	Security ID:		NULL SID
	Account Name:		-
	Account Domain:		-
	Logon ID:		0x0

Process Information:
	New Process ID:		0x26c
	New Process Name:	C:\Windows\WinSxS\amd64_microsoft-windows-servicingstack_31bf3856ad364e35_10.0.17763.3641_none_56cfe33d992f2729\TiWorker.exe
	Token Elevation Type:	%%1936
	Mandatory Label:		Mandatory Label\System Mandatory Level
	Creator Process ID:	0x2f4
	Creator Process Name:	C:\Windows\System32\svchost.exe
	Process Command Line:	C:\Windows\winsxs\amd64_microsoft-windows-servicingstack_31bf3856ad364e35_10.0.17763.3641_none_56cfe33d992f2729\TiWorker.exe -Embedding

Token Elevation Type indicates the type of token that was assigned to the new process in accordance with User Account Control policy.

Type 1 is a full token with no privileges removed or groups disabled.  A full token is only used if User Account Control is disabled or if the user is the built-in Administrator account or a service account.

Type 2 is an elevated token with no privileges removed or groups disabled.  An elevated token is used when User Account Control is enabled and the user chooses to start the program using Run as administrator.  An elevated token is also used when an application is configured to always require administrative privilege or to always require maximum privilege, and the user is a member of the Administrators group.

Type 3 is a limited token with administrative privileges removed and administrative groups disabled.  The limited token is used when User Account Control is enabled, the application does not require administrative privilege, and the user does not choose to start the program using Run as administrator."
Audit Success,11/3/2025 1:19,Microsoft-Windows-Security-Auditing,4688,Process Creation,"A new process has been created.

Creator Subject:
	Security ID:		SYSTEM
	Account Name:		WIN-SIVMS1G7J74$
	Account Domain:		WORKGROUP
	Logon ID:		0x3E7

Target Subject:
	Security ID:		NULL SID
	Account Name:		Administrator
	Account Domain:		WIN-SIVMS1G7J74
	Logon ID:		0x850D1

Process Information:
	New Process ID:		0x1338
	New Process Name:	C:\Windows\System32\rundll32.exe
	Token Elevation Type:	%%1936
	Mandatory Label:		Mandatory Label\High Mandatory Level
	Creator Process ID:	0x2f4
	Creator Process Name:	C:\Windows\System32\svchost.exe
	Process Command Line:	C:\Windows\System32\rundll32.exe C:\Windows\System32\shell32.dll,SHCreateLocalServerRunDll {9aa46009-3ce0-458a-a354-715610a075e6} -Embedding

Token Elevation Type indicates the type of token that was assigned to the new process in accordance with User Account Control policy.

Type 1 is a full token with no privileges removed or groups disabled.  A full token is only used if User Account Control is disabled or if the user is the built-in Administrator account or a service account.

Type 2 is an elevated token with no privileges removed or groups disabled.  An elevated token is used when User Account Control is enabled and the user chooses to start the program using Run as administrator.  An elevated token is also used when an application is configured to always require administrative privilege or to always require maximum privilege, and the user is a member of the Administrators group.

Type 3 is a limited token with administrative privileges removed and administrative groups disabled.  The limited token is used when User Account Control is enabled, the application does not require administrative privilege, and the user does not choose to start the program using Run as administrator."
Audit Success,11/3/2025 1:08,Microsoft-Windows-Security-Auditing,4688,Process Creation,"A new process has been created.

Creator Subject:
	Security ID:		SYSTEM
	Account Name:		WIN-SIVMS1G7J74$
	Account Domain:		WORKGROUP
	Logon ID:		0x3E7

Target Subject:
	Security ID:		NULL SID
	Account Name:		-
	Account Domain:		-
	Logon ID:		0x0

Process Information:
	New Process ID:		0xe00
	New Process Name:	C:\Windows\System32\svchost.exe
	Token Elevation Type:	%%1936
	Mandatory Label:		Mandatory Label\System Mandatory Level
	Creator Process ID:	0x264
	Creator Process Name:	C:\Windows\System32\services.exe
	Process Command Line:	C:\Windows\system32\svchost.exe -k netsvcs -p -s wisvc

Token Elevation Type indicates the type of token that was assigned to the new process in accordance with User Account Control policy.

Type 1 is a full token with no privileges removed or groups disabled.  A full token is only used if User Account Control is disabled or if the user is the built-in Administrator account or a service account.

Type 2 is an elevated token with no privileges removed or groups disabled.  An elevated token is used when User Account Control is enabled and the user chooses to start the program using Run as administrator.  An elevated token is also used when an application is configured to always require administrative privilege or to always require maximum privilege, and the user is a member of the Administrators group.

Type 3 is a limited token with administrative privileges removed and administrative groups disabled.  The limited token is used when User Account Control is enabled, the application does not require administrative privilege, and the user does not choose to start the program using Run as administrator."
Audit Success,11/3/2025 1:08,Microsoft-Windows-Security-Auditing,4688,Process Creation,"A new process has been created.

Creator Subject:
	Security ID:		SYSTEM
	Account Name:		WIN-SIVMS1G7J74$
	Account Domain:		WORKGROUP
	Logon ID:		0x3E7

Target Subject:
	Security ID:		NULL SID
	Account Name:		-
	Account Domain:		-
	Logon ID:		0x0

Process Information:
	New Process ID:		0xd50
	New Process Name:	C:\Windows\System32\svchost.exe
	Token Elevation Type:	%%1936
	Mandatory Label:		Mandatory Label\System Mandatory Level
	Creator Process ID:	0x264
	Creator Process Name:	C:\Windows\System32\services.exe
	Process Command Line:	C:\Windows\system32\svchost.exe -k netsvcs -p -s wlidsvc

Token Elevation Type indicates the type of token that was assigned to the new process in accordance with User Account Control policy.

Type 1 is a full token with no privileges removed or groups disabled.  A full token is only used if User Account Control is disabled or if the user is the built-in Administrator account or a service account.

Type 2 is an elevated token with no privileges removed or groups disabled.  An elevated token is used when User Account Control is enabled and the user chooses to start the program using Run as administrator.  An elevated token is also used when an application is configured to always require administrative privilege or to always require maximum privilege, and the user is a member of the Administrators group.

Type 3 is a limited token with administrative privileges removed and administrative groups disabled.  The limited token is used when User Account Control is enabled, the application does not require administrative privilege, and the user does not choose to start the program using Run as administrator."
Audit Success,11/3/2025 1:11,Microsoft-Windows-Security-Auditing,4688,Process Creation,"A new process has been created.

Creator Subject:
	Security ID:		SYSTEM
	Account Name:		WIN-SIVMS1G7J74$
	Account Domain:		WORKGROUP
	Logon ID:		0x3E7

Target Subject:
	Security ID:		NULL SID
	Account Name:		Administrator
	Account Domain:		WIN-SIVMS1G7J74
	Logon ID:		0x850D1

Process Information:
	New Process ID:		0x304
	New Process Name:	C:\Windows\System32\taskhostw.exe
	Token Elevation Type:	%%1936
	Mandatory Label:		Mandatory Label\High Mandatory Level
	Creator Process ID:	0x578
	Creator Process Name:	C:\Windows\System32\svchost.exe
	Process Command Line:	taskhostw.exe Install $(Arg0)

Token Elevation Type indicates the type of token that was assigned to the new process in accordance with User Account Control policy.

Type 1 is a full token with no privileges removed or groups disabled.  A full token is only used if User Account Control is disabled or if the user is the built-in Administrator account or a service account.

Type 2 is an elevated token with no privileges removed or groups disabled.  An elevated token is used when User Account Control is enabled and the user chooses to start the program using Run as administrator.  An elevated token is also used when an application is configured to always require administrative privilege or to always require maximum privilege, and the user is a member of the Administrators group.

Type 3 is a limited token with administrative privileges removed and administrative groups disabled.  The limited token is used when User Account Control is enabled, the application does not require administrative privilege, and the user does not choose to start the program using Run as administrator."
Audit Success,11/3/2025 1:08,Microsoft-Windows-Security-Auditing,4688,Process Creation,"A new process has been created.

Creator Subject:
	Security ID:		WIN-SIVMS1G7J74\Administrator
	Account Name:		Administrator
	Account Domain:		WIN-SIVMS1G7J74
	Logon ID:		0x850D1

Target Subject:
	Security ID:		NULL SID
	Account Name:		-
	Account Domain:		-
	Logon ID:		0x0

Process Information:
	New Process ID:		0x1240
	New Process Name:	C:\Windows\System32\gpupdate.exe
	Token Elevation Type:	%%1936
	Mandatory Label:		Mandatory Label\High Mandatory Level
	Creator Process ID:	0x10e4
	Creator Process Name:	C:\Windows\System32\cmd.exe
	Process Command Line:	gpupdate  /force

Token Elevation Type indicates the type of token that was assigned to the new process in accordance with User Account Control policy.

Type 1 is a full token with no privileges removed or groups disabled.  A full token is only used if User Account Control is disabled or if the user is the built-in Administrator account or a service account.

Type 2 is an elevated token with no privileges removed or groups disabled.  An elevated token is used when User Account Control is enabled and the user chooses to start the program using Run as administrator.  An elevated token is also used when an application is configured to always require administrative privilege or to always require maximum privilege, and the user is a member of the Administrators group.

Type 3 is a limited token with administrative privileges removed and administrative groups disabled.  The limited token is used when User Account Control is enabled, the application does not require administrative privilege, and the user does not choose to start the program using Run as administrator."
Audit Success,11/3/2025 1:06,Microsoft-Windows-Security-Auditing,4688,Process Creation,"A new process has been created.

Creator Subject:
	Security ID:		SYSTEM
	Account Name:		WIN-SIVMS1G7J74$
	Account Domain:		WORKGROUP
	Logon ID:		0x3E7

Target Subject:
	Security ID:		NULL SID
	Account Name:		WIN-SIVMS1G7J74$
	Account Domain:		WORKGROUP
	Logon ID:		0x3E4

Process Information:
	New Process ID:		0x1384
	New Process Name:	C:\Windows\System32\wbem\WmiPrvSE.exe
	Token Elevation Type:	%%1936
	Mandatory Label:		Mandatory Label\System Mandatory Level
	Creator Process ID:	0x2f4
	Creator Process Name:	C:\Windows\System32\svchost.exe
	Process Command Line:	

Token Elevation Type indicates the type of token that was assigned to the new process in accordance with User Account Control policy.

Type 1 is a full token with no privileges removed or groups disabled.  A full token is only used if User Account Control is disabled or if the user is the built-in Administrator account or a service account.

Type 2 is an elevated token with no privileges removed or groups disabled.  An elevated token is used when User Account Control is enabled and the user chooses to start the program using Run as administrator.  An elevated token is also used when an application is configured to always require administrative privilege or to always require maximum privilege, and the user is a member of the Administrators group.

Type 3 is a limited token with administrative privileges removed and administrative groups disabled.  The limited token is used when User Account Control is enabled, the application does not require administrative privilege, and the user does not choose to start the program using Run as administrator."
Audit Success,11/3/2025 1:06,Microsoft-Windows-Security-Auditing,4688,Process Creation,"A new process has been created.

Creator Subject:
	Security ID:		SYSTEM
	Account Name:		WIN-SIVMS1G7J74$
	Account Domain:		WORKGROUP
	Logon ID:		0x3E7

Target Subject:
	Security ID:		NULL SID
	Account Name:		Administrator
	Account Domain:		WIN-SIVMS1G7J74
	Logon ID:		0x850D1

Process Information:
	New Process ID:		0xad0
	New Process Name:	C:\Windows\System32\backgroundTaskHost.exe
	Token Elevation Type:	%%1936
	Mandatory Label:		Mandatory Label\Low Mandatory Level
	Creator Process ID:	0x2f4
	Creator Process Name:	C:\Windows\System32\svchost.exe
	Process Command Line:	

Token Elevation Type indicates the type of token that was assigned to the new process in accordance with User Account Control policy.

Type 1 is a full token with no privileges removed or groups disabled.  A full token is only used if User Account Control is disabled or if the user is the built-in Administrator account or a service account.

Type 2 is an elevated token with no privileges removed or groups disabled.  An elevated token is used when User Account Control is enabled and the user chooses to start the program using Run as administrator.  An elevated token is also used when an application is configured to always require administrative privilege or to always require maximum privilege, and the user is a member of the Administrators group.

Type 3 is a limited token with administrative privileges removed and administrative groups disabled.  The limited token is used when User Account Control is enabled, the application does not require administrative privilege, and the user does not choose to start the program using Run as administrator."
Audit Success,11/3/2025 1:06,Microsoft-Windows-Security-Auditing,4688,Process Creation,"A new process has been created.

Creator Subject:
	Security ID:		SYSTEM
	Account Name:		WIN-SIVMS1G7J74$
	Account Domain:		WORKGROUP
	Logon ID:		0x3E7

Target Subject:
	Security ID:		NULL SID
	Account Name:		Administrator
	Account Domain:		WIN-SIVMS1G7J74
	Logon ID:		0x850D1

Process Information:
	New Process ID:		0xb10
	New Process Name:	C:\Windows\System32\dllhost.exe
	Token Elevation Type:	%%1936
	Mandatory Label:		Mandatory Label\High Mandatory Level
	Creator Process ID:	0x2f4
	Creator Process Name:	C:\Windows\System32\svchost.exe
	Process Command Line:	

Token Elevation Type indicates the type of token that was assigned to the new process in accordance with User Account Control policy.

Type 1 is a full token with no privileges removed or groups disabled.  A full token is only used if User Account Control is disabled or if the user is the built-in Administrator account or a service account.

Type 2 is an elevated token with no privileges removed or groups disabled.  An elevated token is used when User Account Control is enabled and the user chooses to start the program using Run as administrator.  An elevated token is also used when an application is configured to always require administrative privilege or to always require maximum privilege, and the user is a member of the Administrators group.

Type 3 is a limited token with administrative privileges removed and administrative groups disabled.  The limited token is used when User Account Control is enabled, the application does not require administrative privilege, and the user does not choose to start the program using Run as administrator."
Audit Success,11/3/2025 8:50,Microsoft-Windows-Security-Auditing,4688,Process Creation,"A new process has been created.

Creator Subject:
	Security ID:		SYSTEM
	Account Name:		-
	Account Domain:		-
	Logon ID:		0x3E7

Target Subject:
	Security ID:		NULL SID
	Account Name:		-
	Account Domain:		-
	Logon ID:		0x0

Process Information:
	New Process ID:		0x270
	New Process Name:	C:\Windows\System32\lsass.exe
	Token Elevation Type:	%%1936
	Mandatory Label:		Mandatory Label\System Mandatory Level
	Creator Process ID:	0x1ec
	Creator Process Name:	C:\Windows\System32\wininit.exe
	Process Command Line:	

Token Elevation Type indicates the type of token that was assigned to the new process in accordance with User Account Control policy.

Type 1 is a full token with no privileges removed or groups disabled.  A full token is only used if User Account Control is disabled or if the user is the built-in Administrator account or a service account.

Type 2 is an elevated token with no privileges removed or groups disabled.  An elevated token is used when User Account Control is enabled and the user chooses to start the program using Run as administrator.  An elevated token is also used when an application is configured to always require administrative privilege or to always require maximum privilege, and the user is a member of the Administrators group.

Type 3 is a limited token with administrative privileges removed and administrative groups disabled.  The limited token is used when User Account Control is enabled, the application does not require administrative privilege, and the user does not choose to start the program using Run as administrator."
Audit Success,11/3/2025 1:06,Microsoft-Windows-Security-Auditing,4688,Process Creation,"A new process has been created.

Creator Subject:
	Security ID:		SYSTEM
	Account Name:		WIN-SIVMS1G7J74$
	Account Domain:		WORKGROUP
	Logon ID:		0x3E7

Target Subject:
	Security ID:		NULL SID
	Account Name:		-
	Account Domain:		-
	Logon ID:		0x0

Process Information:
	New Process ID:		0xf28
	New Process Name:	C:\Windows\System32\taskhostw.exe
	Token Elevation Type:	%%1936
	Mandatory Label:		Mandatory Label\System Mandatory Level
	Creator Process ID:	0x578
	Creator Process Name:	C:\Windows\System32\svchost.exe
	Process Command Line:	

Token Elevation Type indicates the type of token that was assigned to the new process in accordance with User Account Control policy.

Type 1 is a full token with no privileges removed or groups disabled.  A full token is only used if User Account Control is disabled or if the user is the built-in Administrator account or a service account.

Type 2 is an elevated token with no privileges removed or groups disabled.  An elevated token is used when User Account Control is enabled and the user chooses to start the program using Run as administrator.  An elevated token is also used when an application is configured to always require administrative privilege or to always require maximum privilege, and the user is a member of the Administrators group.

Type 3 is a limited token with administrative privileges removed and administrative groups disabled.  The limited token is used when User Account Control is enabled, the application does not require administrative privilege, and the user does not choose to start the program using Run as administrator."
Audit Success,11/3/2025 1:06,Microsoft-Windows-Security-Auditing,4688,Process Creation,"A new process has been created.

Creator Subject:
	Security ID:		SYSTEM
	Account Name:		WIN-SIVMS1G7J74$
	Account Domain:		WORKGROUP
	Logon ID:		0x3E7

Target Subject:
	Security ID:		NULL SID
	Account Name:		-
	Account Domain:		-
	Logon ID:		0x0

Process Information:
	New Process ID:		0x164
	New Process Name:	C:\Windows\System32\svchost.exe
	Token Elevation Type:	%%1936
	Mandatory Label:		Mandatory Label\System Mandatory Level
	Creator Process ID:	0x264
	Creator Process Name:	C:\Windows\System32\services.exe
	Process Command Line:	

Token Elevation Type indicates the type of token that was assigned to the new process in accordance with User Account Control policy.

Type 1 is a full token with no privileges removed or groups disabled.  A full token is only used if User Account Control is disabled or if the user is the built-in Administrator account or a service account.

Type 2 is an elevated token with no privileges removed or groups disabled.  An elevated token is used when User Account Control is enabled and the user chooses to start the program using Run as administrator.  An elevated token is also used when an application is configured to always require administrative privilege or to always require maximum privilege, and the user is a member of the Administrators group.

Type 3 is a limited token with administrative privileges removed and administrative groups disabled.  The limited token is used when User Account Control is enabled, the application does not require administrative privilege, and the user does not choose to start the program using Run as administrator."
Audit Success,11/3/2025 1:06,Microsoft-Windows-Security-Auditing,4688,Process Creation,"A new process has been created.

Creator Subject:
	Security ID:		SYSTEM
	Account Name:		WIN-SIVMS1G7J74$
	Account Domain:		WORKGROUP
	Logon ID:		0x3E7

Target Subject:
	Security ID:		NULL SID
	Account Name:		Administrator
	Account Domain:		WIN-SIVMS1G7J74
	Logon ID:		0x850D1

Process Information:
	New Process ID:		0x580
	New Process Name:	C:\Windows\System32\dllhost.exe
	Token Elevation Type:	%%1936
	Mandatory Label:		Mandatory Label\High Mandatory Level
	Creator Process ID:	0x2f4
	Creator Process Name:	C:\Windows\System32\svchost.exe
	Process Command Line:	

Token Elevation Type indicates the type of token that was assigned to the new process in accordance with User Account Control policy.

Type 1 is a full token with no privileges removed or groups disabled.  A full token is only used if User Account Control is disabled or if the user is the built-in Administrator account or a service account.

Type 2 is an elevated token with no privileges removed or groups disabled.  An elevated token is used when User Account Control is enabled and the user chooses to start the program using Run as administrator.  An elevated token is also used when an application is configured to always require administrative privilege or to always require maximum privilege, and the user is a member of the Administrators group.

Type 3 is a limited token with administrative privileges removed and administrative groups disabled.  The limited token is used when User Account Control is enabled, the application does not require administrative privilege, and the user does not choose to start the program using Run as administrator."
Audit Success,11/3/2025 1:07,Microsoft-Windows-Security-Auditing,4688,Process Creation,"A new process has been created.

Creator Subject:
	Security ID:		SYSTEM
	Account Name:		WIN-SIVMS1G7J74$
	Account Domain:		WORKGROUP
	Logon ID:		0x3E7

Target Subject:
	Security ID:		NULL SID
	Account Name:		-
	Account Domain:		-
	Logon ID:		0x0

Process Information:
	New Process ID:		0x1f8
	New Process Name:	C:\Windows\System32\svchost.exe
	Token Elevation Type:	%%1936
	Mandatory Label:		Mandatory Label\System Mandatory Level
	Creator Process ID:	0x264
	Creator Process Name:	C:\Windows\System32\services.exe
	Process Command Line:	C:\Windows\System32\svchost.exe -k NetSvcs -p -s NcaSvc

Token Elevation Type indicates the type of token that was assigned to the new process in accordance with User Account Control policy.

Type 1 is a full token with no privileges removed or groups disabled.  A full token is only used if User Account Control is disabled or if the user is the built-in Administrator account or a service account.

Type 2 is an elevated token with no privileges removed or groups disabled.  An elevated token is used when User Account Control is enabled and the user chooses to start the program using Run as administrator.  An elevated token is also used when an application is configured to always require administrative privilege or to always require maximum privilege, and the user is a member of the Administrators group.

Type 3 is a limited token with administrative privileges removed and administrative groups disabled.  The limited token is used when User Account Control is enabled, the application does not require administrative privilege, and the user does not choose to start the program using Run as administrator."
Audit Success,11/3/2025 1:07,Microsoft-Windows-Security-Auditing,4688,Process Creation,"A new process has been created.

Creator Subject:
	Security ID:		SYSTEM
	Account Name:		WIN-SIVMS1G7J74$
	Account Domain:		WORKGROUP
	Logon ID:		0x3E7

Target Subject:
	Security ID:		NULL SID
	Account Name:		-
	Account Domain:		-
	Logon ID:		0x0

Process Information:
	New Process ID:		0xe6c
	New Process Name:	C:\Windows\System32\svchost.exe
	Token Elevation Type:	%%1936
	Mandatory Label:		Mandatory Label\System Mandatory Level
	Creator Process ID:	0x264
	Creator Process Name:	C:\Windows\System32\services.exe
	Process Command Line:	C:\Windows\system32\svchost.exe -k LocalSystemNetworkRestricted -s WPDBusEnum

Token Elevation Type indicates the type of token that was assigned to the new process in accordance with User Account Control policy.

Type 1 is a full token with no privileges removed or groups disabled.  A full token is only used if User Account Control is disabled or if the user is the built-in Administrator account or a service account.

Type 2 is an elevated token with no privileges removed or groups disabled.  An elevated token is used when User Account Control is enabled and the user chooses to start the program using Run as administrator.  An elevated token is also used when an application is configured to always require administrative privilege or to always require maximum privilege, and the user is a member of the Administrators group.

Type 3 is a limited token with administrative privileges removed and administrative groups disabled.  The limited token is used when User Account Control is enabled, the application does not require administrative privilege, and the user does not choose to start the program using Run as administrator."
Audit Success,11/3/2025 1:07,Microsoft-Windows-Security-Auditing,4688,Process Creation,"A new process has been created.

Creator Subject:
	Security ID:		SYSTEM
	Account Name:		WIN-SIVMS1G7J74$
	Account Domain:		WORKGROUP
	Logon ID:		0x3E7

Target Subject:
	Security ID:		NULL SID
	Account Name:		-
	Account Domain:		-
	Logon ID:		0x0

Process Information:
	New Process ID:		0x9b8
	New Process Name:	C:\Windows\System32\taskhostw.exe
	Token Elevation Type:	%%1936
	Mandatory Label:		Mandatory Label\System Mandatory Level
	Creator Process ID:	0x578
	Creator Process Name:	C:\Windows\System32\svchost.exe
	Process Command Line:	taskhostw.exe ExploitGuardPolicy

Token Elevation Type indicates the type of token that was assigned to the new process in accordance with User Account Control policy.

Type 1 is a full token with no privileges removed or groups disabled.  A full token is only used if User Account Control is disabled or if the user is the built-in Administrator account or a service account.

Type 2 is an elevated token with no privileges removed or groups disabled.  An elevated token is used when User Account Control is enabled and the user chooses to start the program using Run as administrator.  An elevated token is also used when an application is configured to always require administrative privilege or to always require maximum privilege, and the user is a member of the Administrators group.

Type 3 is a limited token with administrative privileges removed and administrative groups disabled.  The limited token is used when User Account Control is enabled, the application does not require administrative privilege, and the user does not choose to start the program using Run as administrator."
Audit Success,11/3/2025 1:06,Microsoft-Windows-Security-Auditing,4688,Process Creation,"A new process has been created.

Creator Subject:
	Security ID:		WIN-SIVMS1G7J74\Administrator
	Account Name:		Administrator
	Account Domain:		WIN-SIVMS1G7J74
	Logon ID:		0x850D1

Target Subject:
	Security ID:		NULL SID
	Account Name:		-
	Account Domain:		-
	Logon ID:		0x0

Process Information:
	New Process ID:		0x10e4
	New Process Name:	C:\Windows\System32\cmd.exe
	Token Elevation Type:	%%1936
	Mandatory Label:		Mandatory Label\High Mandatory Level
	Creator Process ID:	0x668
	Creator Process Name:	C:\Windows\explorer.exe
	Process Command Line:	

Token Elevation Type indicates the type of token that was assigned to the new process in accordance with User Account Control policy.

Type 1 is a full token with no privileges removed or groups disabled.  A full token is only used if User Account Control is disabled or if the user is the built-in Administrator account or a service account.

Type 2 is an elevated token with no privileges removed or groups disabled.  An elevated token is used when User Account Control is enabled and the user chooses to start the program using Run as administrator.  An elevated token is also used when an application is configured to always require administrative privilege or to always require maximum privilege, and the user is a member of the Administrators group.

Type 3 is a limited token with administrative privileges removed and administrative groups disabled.  The limited token is used when User Account Control is enabled, the application does not require administrative privilege, and the user does not choose to start the program using Run as administrator."
Audit Success,11/3/2025 1:06,Microsoft-Windows-Security-Auditing,4688,Process Creation,"A new process has been created.

Creator Subject:
	Security ID:		WIN-SIVMS1G7J74\Administrator
	Account Name:		Administrator
	Account Domain:		WIN-SIVMS1G7J74
	Logon ID:		0x850D1

Target Subject:
	Security ID:		NULL SID
	Account Name:		-
	Account Domain:		-
	Logon ID:		0x0

Process Information:
	New Process ID:		0x10fc
	New Process Name:	C:\Windows\System32\conhost.exe
	Token Elevation Type:	%%1936
	Mandatory Label:		Mandatory Label\High Mandatory Level
	Creator Process ID:	0x10e4
	Creator Process Name:	C:\Windows\System32\cmd.exe
	Process Command Line:	

Token Elevation Type indicates the type of token that was assigned to the new process in accordance with User Account Control policy.

Type 1 is a full token with no privileges removed or groups disabled.  A full token is only used if User Account Control is disabled or if the user is the built-in Administrator account or a service account.

Type 2 is an elevated token with no privileges removed or groups disabled.  An elevated token is used when User Account Control is enabled and the user chooses to start the program using Run as administrator.  An elevated token is also used when an application is configured to always require administrative privilege or to always require maximum privilege, and the user is a member of the Administrators group.

Type 3 is a limited token with administrative privileges removed and administrative groups disabled.  The limited token is used when User Account Control is enabled, the application does not require administrative privilege, and the user does not choose to start the program using Run as administrator."
Audit Success,11/3/2025 1:06,Microsoft-Windows-Security-Auditing,4688,Process Creation,"A new process has been created.

Creator Subject:
	Security ID:		WIN-SIVMS1G7J74\Administrator
	Account Name:		Administrator
	Account Domain:		WIN-SIVMS1G7J74
	Logon ID:		0x850D1

Target Subject:
	Security ID:		NULL SID
	Account Name:		-
	Account Domain:		-
	Logon ID:		0x0

Process Information:
	New Process ID:		0x1374
	New Process Name:	C:\Windows\System32\gpupdate.exe
	Token Elevation Type:	%%1936
	Mandatory Label:		Mandatory Label\High Mandatory Level
	Creator Process ID:	0x10e4
	Creator Process Name:	C:\Windows\System32\cmd.exe
	Process Command Line:	

Token Elevation Type indicates the type of token that was assigned to the new process in accordance with User Account Control policy.

Type 1 is a full token with no privileges removed or groups disabled.  A full token is only used if User Account Control is disabled or if the user is the built-in Administrator account or a service account.

Type 2 is an elevated token with no privileges removed or groups disabled.  An elevated token is used when User Account Control is enabled and the user chooses to start the program using Run as administrator.  An elevated token is also used when an application is configured to always require administrative privilege or to always require maximum privilege, and the user is a member of the Administrators group.

Type 3 is a limited token with administrative privileges removed and administrative groups disabled.  The limited token is used when User Account Control is enabled, the application does not require administrative privilege, and the user does not choose to start the program using Run as administrator."
Audit Success,11/3/2025 1:23,Microsoft-Windows-Security-Auditing,4688,Process Creation,"A new process has been created.

Creator Subject:
	Security ID:		WIN-SIVMS1G7J74\Administrator
	Account Name:		Administrator
	Account Domain:		WIN-SIVMS1G7J74
	Logon ID:		0x850D1

Target Subject:
	Security ID:		NULL SID
	Account Name:		-
	Account Domain:		-
	Logon ID:		0x0

Process Information:
	New Process ID:		0xb6c
	New Process Name:	C:\Windows\Microsoft.NET\Framework64\v4.0.30319\csc.exe
	Token Elevation Type:	%%1936
	Mandatory Label:		Mandatory Label\High Mandatory Level
	Creator Process ID:	0x1224
	Creator Process Name:	C:\Windows\System32\WindowsPowerShell\v1.0\powershell.exe
	Process Command Line:	""C:\Windows\Microsoft.NET\Framework64\v4.0.30319\csc.exe"" /noconfig /fullpaths @""C:\Users\Administrator\AppData\Local\Temp\odyq5ljc\odyq5ljc.cmdline""

Token Elevation Type indicates the type of token that was assigned to the new process in accordance with User Account Control policy.

Type 1 is a full token with no privileges removed or groups disabled.  A full token is only used if User Account Control is disabled or if the user is the built-in Administrator account or a service account.

Type 2 is an elevated token with no privileges removed or groups disabled.  An elevated token is used when User Account Control is enabled and the user chooses to start the program using Run as administrator.  An elevated token is also used when an application is configured to always require administrative privilege or to always require maximum privilege, and the user is a member of the Administrators group.

Type 3 is a limited token with administrative privileges removed and administrative groups disabled.  The limited token is used when User Account Control is enabled, the application does not require administrative privilege, and the user does not choose to start the program using Run as administrator."
Audit Success,11/3/2025 1:23,Microsoft-Windows-Security-Auditing,4688,Process Creation,"A new process has been created.

Creator Subject:
	Security ID:		WIN-SIVMS1G7J74\Administrator
	Account Name:		Administrator
	Account Domain:		WIN-SIVMS1G7J74
	Logon ID:		0x850D1

Target Subject:
	Security ID:		NULL SID
	Account Name:		-
	Account Domain:		-
	Logon ID:		0x0

Process Information:
	New Process ID:		0xa70
	New Process Name:	C:\Windows\Microsoft.NET\Framework64\v4.0.30319\cvtres.exe
	Token Elevation Type:	%%1936
	Mandatory Label:		Mandatory Label\High Mandatory Level
	Creator Process ID:	0xb6c
	Creator Process Name:	C:\Windows\Microsoft.NET\Framework64\v4.0.30319\csc.exe
	Process Command Line:	C:\Windows\Microsoft.NET\Framework64\v4.0.30319\cvtres.exe /NOLOGO /READONLY /MACHINE:IX86 ""/OUT:C:\Users\ADMINI~1\AppData\Local\Temp\RESCF54.tmp"" ""c:\Users\Administrator\AppData\Local\Temp\odyq5ljc\CSCF611F38289154509AC6D23DE72A3679E.TMP""

Token Elevation Type indicates the type of token that was assigned to the new process in accordance with User Account Control policy.

Type 1 is a full token with no privileges removed or groups disabled.  A full token is only used if User Account Control is disabled or if the user is the built-in Administrator account or a service account.

Type 2 is an elevated token with no privileges removed or groups disabled.  An elevated token is used when User Account Control is enabled and the user chooses to start the program using Run as administrator.  An elevated token is also used when an application is configured to always require administrative privilege or to always require maximum privilege, and the user is a member of the Administrators group.

Type 3 is a limited token with administrative privileges removed and administrative groups disabled.  The limited token is used when User Account Control is enabled, the application does not require administrative privilege, and the user does not choose to start the program using Run as administrator."
Audit Success,11/3/2025 1:23,Microsoft-Windows-Security-Auditing,4688,Process Creation,"A new process has been created.

Creator Subject:
	Security ID:		WIN-SIVMS1G7J74\Administrator
	Account Name:		Administrator
	Account Domain:		WIN-SIVMS1G7J74
	Logon ID:		0x850D1

Target Subject:
	Security ID:		NULL SID
	Account Name:		-
	Account Domain:		-
	Logon ID:		0x0

Process Information:
	New Process ID:		0x374
	New Process Name:	C:\Windows\System32\WindowsPowerShell\v1.0\powershell.exe
	Token Elevation Type:	%%1936
	Mandatory Label:		Mandatory Label\High Mandatory Level
	Creator Process ID:	0x668
	Creator Process Name:	C:\Windows\explorer.exe
	Process Command Line:	""C:\Windows\System32\WindowsPowerShell\v1.0\powershell.exe"" 

Token Elevation Type indicates the type of token that was assigned to the new process in accordance with User Account Control policy.

Type 1 is a full token with no privileges removed or groups disabled.  A full token is only used if User Account Control is disabled or if the user is the built-in Administrator account or a service account.

Type 2 is an elevated token with no privileges removed or groups disabled.  An elevated token is used when User Account Control is enabled and the user chooses to start the program using Run as administrator.  An elevated token is also used when an application is configured to always require administrative privilege or to always require maximum privilege, and the user is a member of the Administrators group.

Type 3 is a limited token with administrative privileges removed and administrative groups disabled.  The limited token is used when User Account Control is enabled, the application does not require administrative privilege, and the user does not choose to start the program using Run as administrator."
Audit Success,11/3/2025 1:23,Microsoft-Windows-Security-Auditing,4688,Process Creation,"A new process has been created.

Creator Subject:
	Security ID:		WIN-SIVMS1G7J74\Administrator
	Account Name:		Administrator
	Account Domain:		WIN-SIVMS1G7J74
	Logon ID:		0x850D1

Target Subject:
	Security ID:		NULL SID
	Account Name:		-
	Account Domain:		-
	Logon ID:		0x0

Process Information:
	New Process ID:		0x808
	New Process Name:	C:\Windows\Microsoft.NET\Framework64\v4.0.30319\cvtres.exe
	Token Elevation Type:	%%1936
	Mandatory Label:		Mandatory Label\High Mandatory Level
	Creator Process ID:	0x11b0
	Creator Process Name:	C:\Windows\Microsoft.NET\Framework64\v4.0.30319\csc.exe
	Process Command Line:	C:\Windows\Microsoft.NET\Framework64\v4.0.30319\cvtres.exe /NOLOGO /READONLY /MACHINE:IX86 ""/OUT:C:\Users\ADMINI~1\AppData\Local\Temp\RESA15E.tmp"" ""c:\Users\Administrator\AppData\Local\Temp\yvtfxmcg\CSCADE01FED61A84846BF27EAF0104F448.TMP""

Token Elevation Type indicates the type of token that was assigned to the new process in accordance with User Account Control policy.

Type 1 is a full token with no privileges removed or groups disabled.  A full token is only used if User Account Control is disabled or if the user is the built-in Administrator account or a service account.

Type 2 is an elevated token with no privileges removed or groups disabled.  An elevated token is used when User Account Control is enabled and the user chooses to start the program using Run as administrator.  An elevated token is also used when an application is configured to always require administrative privilege or to always require maximum privilege, and the user is a member of the Administrators group.

Type 3 is a limited token with administrative privileges removed and administrative groups disabled.  The limited token is used when User Account Control is enabled, the application does not require administrative privilege, and the user does not choose to start the program using Run as administrator."
Audit Success,11/3/2025 1:23,Microsoft-Windows-Security-Auditing,4688,Process Creation,"A new process has been created.

Creator Subject:
	Security ID:		WIN-SIVMS1G7J74\Administrator
	Account Name:		Administrator
	Account Domain:		WIN-SIVMS1G7J74
	Logon ID:		0x850D1

Target Subject:
	Security ID:		NULL SID
	Account Name:		-
	Account Domain:		-
	Logon ID:		0x0

Process Information:
	New Process ID:		0x1224
	New Process Name:	C:\Windows\System32\WindowsPowerShell\v1.0\powershell.exe
	Token Elevation Type:	%%1936
	Mandatory Label:		Mandatory Label\High Mandatory Level
	Creator Process ID:	0x668
	Creator Process Name:	C:\Windows\explorer.exe
	Process Command Line:	""C:\Windows\System32\WindowsPowerShell\v1.0\powershell.exe"" ""-Command"" ""if((Get-ExecutionPolicy ) -ne 'AllSigned') { Set-ExecutionPolicy -Scope Process Bypass }; & 'C:\Users\Administrator\Downloads\payload.ps1'""

Token Elevation Type indicates the type of token that was assigned to the new process in accordance with User Account Control policy.

Type 1 is a full token with no privileges removed or groups disabled.  A full token is only used if User Account Control is disabled or if the user is the built-in Administrator account or a service account.

Type 2 is an elevated token with no privileges removed or groups disabled.  An elevated token is used when User Account Control is enabled and the user chooses to start the program using Run as administrator.  An elevated token is also used when an application is configured to always require administrative privilege or to always require maximum privilege, and the user is a member of the Administrators group.

Type 3 is a limited token with administrative privileges removed and administrative groups disabled.  The limited token is used when User Account Control is enabled, the application does not require administrative privilege, and the user does not choose to start the program using Run as administrator."
Audit Success,11/3/2025 1:23,Microsoft-Windows-Security-Auditing,4688,Process Creation,"A new process has been created.

Creator Subject:
	Security ID:		WIN-SIVMS1G7J74\Administrator
	Account Name:		Administrator
	Account Domain:		WIN-SIVMS1G7J74
	Logon ID:		0x850D1

Target Subject:
	Security ID:		NULL SID
	Account Name:		-
	Account Domain:		-
	Logon ID:		0x0

Process Information:
	New Process ID:		0xe8c
	New Process Name:	C:\Windows\System32\conhost.exe
	Token Elevation Type:	%%1936
	Mandatory Label:		Mandatory Label\High Mandatory Level
	Creator Process ID:	0x1224
	Creator Process Name:	C:\Windows\System32\WindowsPowerShell\v1.0\powershell.exe
	Process Command Line:	\??\C:\Windows\system32\conhost.exe 0xffffffff -ForceV1

Token Elevation Type indicates the type of token that was assigned to the new process in accordance with User Account Control policy.

Type 1 is a full token with no privileges removed or groups disabled.  A full token is only used if User Account Control is disabled or if the user is the built-in Administrator account or a service account.

Type 2 is an elevated token with no privileges removed or groups disabled.  An elevated token is used when User Account Control is enabled and the user chooses to start the program using Run as administrator.  An elevated token is also used when an application is configured to always require administrative privilege or to always require maximum privilege, and the user is a member of the Administrators group.

Type 3 is a limited token with administrative privileges removed and administrative groups disabled.  The limited token is used when User Account Control is enabled, the application does not require administrative privilege, and the user does not choose to start the program using Run as administrator."
Audit Success,11/3/2025 1:23,Microsoft-Windows-Security-Auditing,4688,Process Creation,"A new process has been created.

Creator Subject:
	Security ID:		WIN-SIVMS1G7J74\Administrator
	Account Name:		Administrator
	Account Domain:		WIN-SIVMS1G7J74
	Logon ID:		0x850D1

Target Subject:
	Security ID:		NULL SID
	Account Name:		-
	Account Domain:		-
	Logon ID:		0x0

Process Information:
	New Process ID:		0x1370
	New Process Name:	C:\Windows\System32\conhost.exe
	Token Elevation Type:	%%1936
	Mandatory Label:		Mandatory Label\High Mandatory Level
	Creator Process ID:	0x374
	Creator Process Name:	C:\Windows\System32\WindowsPowerShell\v1.0\powershell.exe
	Process Command Line:	\??\C:\Windows\system32\conhost.exe 0xffffffff -ForceV1

Token Elevation Type indicates the type of token that was assigned to the new process in accordance with User Account Control policy.

Type 1 is a full token with no privileges removed or groups disabled.  A full token is only used if User Account Control is disabled or if the user is the built-in Administrator account or a service account.

Type 2 is an elevated token with no privileges removed or groups disabled.  An elevated token is used when User Account Control is enabled and the user chooses to start the program using Run as administrator.  An elevated token is also used when an application is configured to always require administrative privilege or to always require maximum privilege, and the user is a member of the Administrators group.

Type 3 is a limited token with administrative privileges removed and administrative groups disabled.  The limited token is used when User Account Control is enabled, the application does not require administrative privilege, and the user does not choose to start the program using Run as administrator."
Audit Success,11/3/2025 1:26,Microsoft-Windows-Security-Auditing,4688,Process Creation,"A new process has been created.

Creator Subject:
	Security ID:		WIN-SIVMS1G7J74\Administrator
	Account Name:		Administrator
	Account Domain:		WIN-SIVMS1G7J74
	Logon ID:		0x850D1

Target Subject:
	Security ID:		NULL SID
	Account Name:		-
	Account Domain:		-
	Logon ID:		0x0

Process Information:
	New Process ID:		0x1374
	New Process Name:	C:\Windows\Microsoft.NET\Framework64\v4.0.30319\csc.exe
	Token Elevation Type:	%%1936
	Mandatory Label:		Mandatory Label\High Mandatory Level
	Creator Process ID:	0x1240
	Creator Process Name:	C:\Windows\System32\WindowsPowerShell\v1.0\powershell.exe
	Process Command Line:	""C:\Windows\Microsoft.NET\Framework64\v4.0.30319\csc.exe"" /noconfig /fullpaths @""C:\Users\Administrator\AppData\Local\Temp\hqvoibcx\hqvoibcx.cmdline""

Token Elevation Type indicates the type of token that was assigned to the new process in accordance with User Account Control policy.

Type 1 is a full token with no privileges removed or groups disabled.  A full token is only used if User Account Control is disabled or if the user is the built-in Administrator account or a service account.

Type 2 is an elevated token with no privileges removed or groups disabled.  An elevated token is used when User Account Control is enabled and the user chooses to start the program using Run as administrator.  An elevated token is also used when an application is configured to always require administrative privilege or to always require maximum privilege, and the user is a member of the Administrators group.

Type 3 is a limited token with administrative privileges removed and administrative groups disabled.  The limited token is used when User Account Control is enabled, the application does not require administrative privilege, and the user does not choose to start the program using Run as administrator."
Audit Success,11/3/2025 1:26,Microsoft-Windows-Security-Auditing,4688,Process Creation,"A new process has been created.

Creator Subject:
	Security ID:		WIN-SIVMS1G7J74\Administrator
	Account Name:		Administrator
	Account Domain:		WIN-SIVMS1G7J74
	Logon ID:		0x850D1

Target Subject:
	Security ID:		NULL SID
	Account Name:		-
	Account Domain:		-
	Logon ID:		0x0

Process Information:
	New Process ID:		0x135c
	New Process Name:	C:\Windows\Microsoft.NET\Framework64\v4.0.30319\cvtres.exe
	Token Elevation Type:	%%1936
	Mandatory Label:		Mandatory Label\High Mandatory Level
	Creator Process ID:	0x1374
	Creator Process Name:	C:\Windows\Microsoft.NET\Framework64\v4.0.30319\csc.exe
	Process Command Line:	C:\Windows\Microsoft.NET\Framework64\v4.0.30319\cvtres.exe /NOLOGO /READONLY /MACHINE:IX86 ""/OUT:C:\Users\ADMINI~1\AppData\Local\Temp\RES5BDB.tmp"" ""c:\Users\Administrator\AppData\Local\Temp\hqvoibcx\CSCBA7D16FA321F407A8C62E15DD6769DC3.TMP""

Token Elevation Type indicates the type of token that was assigned to the new process in accordance with User Account Control policy.

Type 1 is a full token with no privileges removed or groups disabled.  A full token is only used if User Account Control is disabled or if the user is the built-in Administrator account or a service account.

Type 2 is an elevated token with no privileges removed or groups disabled.  An elevated token is used when User Account Control is enabled and the user chooses to start the program using Run as administrator.  An elevated token is also used when an application is configured to always require administrative privilege or to always require maximum privilege, and the user is a member of the Administrators group.

Type 3 is a limited token with administrative privileges removed and administrative groups disabled.  The limited token is used when User Account Control is enabled, the application does not require administrative privilege, and the user does not choose to start the program using Run as administrator."
Audit Success,11/3/2025 1:26,Microsoft-Windows-Security-Auditing,4688,Process Creation,"A new process has been created.

Creator Subject:
	Security ID:		WIN-SIVMS1G7J74\Administrator
	Account Name:		Administrator
	Account Domain:		WIN-SIVMS1G7J74
	Logon ID:		0x850D1

Target Subject:
	Security ID:		NULL SID
	Account Name:		-
	Account Domain:		-
	Logon ID:		0x0

Process Information:
	New Process ID:		0x1320
	New Process Name:	C:\Windows\System32\notepad.exe
	Token Elevation Type:	%%1936
	Mandatory Label:		Mandatory Label\High Mandatory Level
	Creator Process ID:	0x668
	Creator Process Name:	C:\Windows\explorer.exe
	Process Command Line:	""C:\Windows\System32\notepad.exe"" ""C:\Users\Administrator\Downloads\payload.ps1""

Token Elevation Type indicates the type of token that was assigned to the new process in accordance with User Account Control policy.

Type 1 is a full token with no privileges removed or groups disabled.  A full token is only used if User Account Control is disabled or if the user is the built-in Administrator account or a service account.

Type 2 is an elevated token with no privileges removed or groups disabled.  An elevated token is used when User Account Control is enabled and the user chooses to start the program using Run as administrator.  An elevated token is also used when an application is configured to always require administrative privilege or to always require maximum privilege, and the user is a member of the Administrators group.

Type 3 is a limited token with administrative privileges removed and administrative groups disabled.  The limited token is used when User Account Control is enabled, the application does not require administrative privilege, and the user does not choose to start the program using Run as administrator."
Audit Success,11/3/2025 1:24,Microsoft-Windows-Security-Auditing,4688,Process Creation,"A new process has been created.

Creator Subject:
	Security ID:		WIN-SIVMS1G7J74\Administrator
	Account Name:		Administrator
	Account Domain:		WIN-SIVMS1G7J74
	Logon ID:		0x850D1

Target Subject:
	Security ID:		NULL SID
	Account Name:		-
	Account Domain:		-
	Logon ID:		0x0

Process Information:
	New Process ID:		0x1240
	New Process Name:	C:\Windows\System32\WindowsPowerShell\v1.0\powershell.exe
	Token Elevation Type:	%%1936
	Mandatory Label:		Mandatory Label\High Mandatory Level
	Creator Process ID:	0x668
	Creator Process Name:	C:\Windows\explorer.exe
	Process Command Line:	""C:\Windows\System32\WindowsPowerShell\v1.0\powershell.exe"" 

Token Elevation Type indicates the type of token that was assigned to the new process in accordance with User Account Control policy.

Type 1 is a full token with no privileges removed or groups disabled.  A full token is only used if User Account Control is disabled or if the user is the built-in Administrator account or a service account.

Type 2 is an elevated token with no privileges removed or groups disabled.  An elevated token is used when User Account Control is enabled and the user chooses to start the program using Run as administrator.  An elevated token is also used when an application is configured to always require administrative privilege or to always require maximum privilege, and the user is a member of the Administrators group.

Type 3 is a limited token with administrative privileges removed and administrative groups disabled.  The limited token is used when User Account Control is enabled, the application does not require administrative privilege, and the user does not choose to start the program using Run as administrator."
Audit Success,11/3/2025 1:24,Microsoft-Windows-Security-Auditing,4688,Process Creation,"A new process has been created.

Creator Subject:
	Security ID:		WIN-SIVMS1G7J74\Administrator
	Account Name:		Administrator
	Account Domain:		WIN-SIVMS1G7J74
	Logon ID:		0x850D1

Target Subject:
	Security ID:		NULL SID
	Account Name:		-
	Account Domain:		-
	Logon ID:		0x0

Process Information:
	New Process ID:		0x2e8
	New Process Name:	C:\Windows\System32\conhost.exe
	Token Elevation Type:	%%1936
	Mandatory Label:		Mandatory Label\High Mandatory Level
	Creator Process ID:	0x1240
	Creator Process Name:	C:\Windows\System32\WindowsPowerShell\v1.0\powershell.exe
	Process Command Line:	\??\C:\Windows\system32\conhost.exe 0xffffffff -ForceV1

Token Elevation Type indicates the type of token that was assigned to the new process in accordance with User Account Control policy.

Type 1 is a full token with no privileges removed or groups disabled.  A full token is only used if User Account Control is disabled or if the user is the built-in Administrator account or a service account.

Type 2 is an elevated token with no privileges removed or groups disabled.  An elevated token is used when User Account Control is enabled and the user chooses to start the program using Run as administrator.  An elevated token is also used when an application is configured to always require administrative privilege or to always require maximum privilege, and the user is a member of the Administrators group.

Type 3 is a limited token with administrative privileges removed and administrative groups disabled.  The limited token is used when User Account Control is enabled, the application does not require administrative privilege, and the user does not choose to start the program using Run as administrator."
Audit Success,11/3/2025 1:24,Microsoft-Windows-Security-Auditing,4688,Process Creation,"A new process has been created.

Creator Subject:
	Security ID:		WIN-SIVMS1G7J74\Administrator
	Account Name:		Administrator
	Account Domain:		WIN-SIVMS1G7J74
	Logon ID:		0x850D1

Target Subject:
	Security ID:		NULL SID
	Account Name:		-
	Account Domain:		-
	Logon ID:		0x0

Process Information:
	New Process ID:		0xde0
	New Process Name:	C:\Windows\System32\ipconfig.exe
	Token Elevation Type:	%%1936
	Mandatory Label:		Mandatory Label\High Mandatory Level
	Creator Process ID:	0x1240
	Creator Process Name:	C:\Windows\System32\WindowsPowerShell\v1.0\powershell.exe
	Process Command Line:	""C:\Windows\system32\ipconfig.exe""

Token Elevation Type indicates the type of token that was assigned to the new process in accordance with User Account Control policy.

Type 1 is a full token with no privileges removed or groups disabled.  A full token is only used if User Account Control is disabled or if the user is the built-in Administrator account or a service account.

Type 2 is an elevated token with no privileges removed or groups disabled.  An elevated token is used when User Account Control is enabled and the user chooses to start the program using Run as administrator.  An elevated token is also used when an application is configured to always require administrative privilege or to always require maximum privilege, and the user is a member of the Administrators group.

Type 3 is a limited token with administrative privileges removed and administrative groups disabled.  The limited token is used when User Account Control is enabled, the application does not require administrative privilege, and the user does not choose to start the program using Run as administrator."
Audit Success,11/3/2025 1:23,Microsoft-Windows-Security-Auditing,4688,Process Creation,"A new process has been created.

Creator Subject:
	Security ID:		WIN-SIVMS1G7J74\Administrator
	Account Name:		Administrator
	Account Domain:		WIN-SIVMS1G7J74
	Logon ID:		0x850D1

Target Subject:
	Security ID:		NULL SID
	Account Name:		-
	Account Domain:		-
	Logon ID:		0x0

Process Information:
	New Process ID:		0x11b0
	New Process Name:	C:\Windows\Microsoft.NET\Framework64\v4.0.30319\csc.exe
	Token Elevation Type:	%%1936
	Mandatory Label:		Mandatory Label\High Mandatory Level
	Creator Process ID:	0x137c
	Creator Process Name:	C:\Windows\System32\WindowsPowerShell\v1.0\powershell.exe
	Process Command Line:	""C:\Windows\Microsoft.NET\Framework64\v4.0.30319\csc.exe"" /noconfig /fullpaths @""C:\Users\Administrator\AppData\Local\Temp\yvtfxmcg\yvtfxmcg.cmdline""

Token Elevation Type indicates the type of token that was assigned to the new process in accordance with User Account Control policy.

Type 1 is a full token with no privileges removed or groups disabled.  A full token is only used if User Account Control is disabled or if the user is the built-in Administrator account or a service account.

Type 2 is an elevated token with no privileges removed or groups disabled.  An elevated token is used when User Account Control is enabled and the user chooses to start the program using Run as administrator.  An elevated token is also used when an application is configured to always require administrative privilege or to always require maximum privilege, and the user is a member of the Administrators group.

Type 3 is a limited token with administrative privileges removed and administrative groups disabled.  The limited token is used when User Account Control is enabled, the application does not require administrative privilege, and the user does not choose to start the program using Run as administrator."
Audit Success,11/3/2025 1:22,Microsoft-Windows-Security-Auditing,4688,Process Creation,"A new process has been created.

Creator Subject:
	Security ID:		SYSTEM
	Account Name:		WIN-SIVMS1G7J74$
	Account Domain:		WORKGROUP
	Logon ID:		0x3E7

Target Subject:
	Security ID:		NULL SID
	Account Name:		-
	Account Domain:		-
	Logon ID:		0x0

Process Information:
	New Process ID:		0x2e8
	New Process Name:	C:\ProgramData\Microsoft\Windows Defender\Platform\4.18.25090.3009-0\MpCmdRun.exe
	Token Elevation Type:	%%1936
	Mandatory Label:		Mandatory Label\System Mandatory Level
	Creator Process ID:	0xa80
	Creator Process Name:	C:\ProgramData\Microsoft\Windows Defender\Platform\4.18.25090.3009-0\MsMpEng.exe
	Process Command Line:	""C:\ProgramData\Microsoft\Windows Defender\platform\4.18.25090.3009-0\MpCmdRun.exe"" SignaturesUpdateService -ScheduleJob -UnmanagedUpdate

Token Elevation Type indicates the type of token that was assigned to the new process in accordance with User Account Control policy.

Type 1 is a full token with no privileges removed or groups disabled.  A full token is only used if User Account Control is disabled or if the user is the built-in Administrator account or a service account.

Type 2 is an elevated token with no privileges removed or groups disabled.  An elevated token is used when User Account Control is enabled and the user chooses to start the program using Run as administrator.  An elevated token is also used when an application is configured to always require administrative privilege or to always require maximum privilege, and the user is a member of the Administrators group.

Type 3 is a limited token with administrative privileges removed and administrative groups disabled.  The limited token is used when User Account Control is enabled, the application does not require administrative privilege, and the user does not choose to start the program using Run as administrator."
Audit Success,11/3/2025 1:22,Microsoft-Windows-Security-Auditing,4688,Process Creation,"A new process has been created.

Creator Subject:
	Security ID:		SYSTEM
	Account Name:		WIN-SIVMS1G7J74$
	Account Domain:		WORKGROUP
	Logon ID:		0x3E7

Target Subject:
	Security ID:		NULL SID
	Account Name:		-
	Account Domain:		-
	Logon ID:		0x0

Process Information:
	New Process ID:		0x13c0
	New Process Name:	C:\Windows\System32\conhost.exe
	Token Elevation Type:	%%1936
	Mandatory Label:		Mandatory Label\System Mandatory Level
	Creator Process ID:	0x2e8
	Creator Process Name:	C:\ProgramData\Microsoft\Windows Defender\Platform\4.18.25090.3009-0\MpCmdRun.exe
	Process Command Line:	\??\C:\Windows\system32\conhost.exe 0xffffffff -ForceV1

Token Elevation Type indicates the type of token that was assigned to the new process in accordance with User Account Control policy.

Type 1 is a full token with no privileges removed or groups disabled.  A full token is only used if User Account Control is disabled or if the user is the built-in Administrator account or a service account.

Type 2 is an elevated token with no privileges removed or groups disabled.  An elevated token is used when User Account Control is enabled and the user chooses to start the program using Run as administrator.  An elevated token is also used when an application is configured to always require administrative privilege or to always require maximum privilege, and the user is a member of the Administrators group.

Type 3 is a limited token with administrative privileges removed and administrative groups disabled.  The limited token is used when User Account Control is enabled, the application does not require administrative privilege, and the user does not choose to start the program using Run as administrator."
Audit Success,11/3/2025 1:22,Microsoft-Windows-Security-Auditing,4688,Process Creation,"A new process has been created.

Creator Subject:
	Security ID:		SYSTEM
	Account Name:		WIN-SIVMS1G7J74$
	Account Domain:		WORKGROUP
	Logon ID:		0x3E7

Target Subject:
	Security ID:		NULL SID
	Account Name:		WIN-SIVMS1G7J74$
	Account Domain:		WORKGROUP
	Logon ID:		0x3E4

Process Information:
	New Process ID:		0x1f4
	New Process Name:	C:\Windows\System32\wbem\WmiPrvSE.exe
	Token Elevation Type:	%%1936
	Mandatory Label:		Mandatory Label\System Mandatory Level
	Creator Process ID:	0x2f4
	Creator Process Name:	C:\Windows\System32\svchost.exe
	Process Command Line:	C:\Windows\system32\wbem\wmiprvse.exe -secured -Embedding

Token Elevation Type indicates the type of token that was assigned to the new process in accordance with User Account Control policy.

Type 1 is a full token with no privileges removed or groups disabled.  A full token is only used if User Account Control is disabled or if the user is the built-in Administrator account or a service account.

Type 2 is an elevated token with no privileges removed or groups disabled.  An elevated token is used when User Account Control is enabled and the user chooses to start the program using Run as administrator.  An elevated token is also used when an application is configured to always require administrative privilege or to always require maximum privilege, and the user is a member of the Administrators group.

Type 3 is a limited token with administrative privileges removed and administrative groups disabled.  The limited token is used when User Account Control is enabled, the application does not require administrative privilege, and the user does not choose to start the program using Run as administrator."
Audit Success,11/3/2025 1:21,Microsoft-Windows-Security-Auditing,4688,Process Creation,"A new process has been created.

Creator Subject:
	Security ID:		SYSTEM
	Account Name:		WIN-SIVMS1G7J74$
	Account Domain:		WORKGROUP
	Logon ID:		0x3E7

Target Subject:
	Security ID:		NULL SID
	Account Name:		WIN-SIVMS1G7J74$
	Account Domain:		WORKGROUP
	Logon ID:		0x3E4

Process Information:
	New Process ID:		0xc3c
	New Process Name:	C:\Windows\System32\sppsvc.exe
	Token Elevation Type:	%%1936
	Mandatory Label:		Mandatory Label\System Mandatory Level
	Creator Process ID:	0x264
	Creator Process Name:	C:\Windows\System32\services.exe
	Process Command Line:	C:\Windows\system32\sppsvc.exe

Token Elevation Type indicates the type of token that was assigned to the new process in accordance with User Account Control policy.

Type 1 is a full token with no privileges removed or groups disabled.  A full token is only used if User Account Control is disabled or if the user is the built-in Administrator account or a service account.

Type 2 is an elevated token with no privileges removed or groups disabled.  An elevated token is used when User Account Control is enabled and the user chooses to start the program using Run as administrator.  An elevated token is also used when an application is configured to always require administrative privilege or to always require maximum privilege, and the user is a member of the Administrators group.

Type 3 is a limited token with administrative privileges removed and administrative groups disabled.  The limited token is used when User Account Control is enabled, the application does not require administrative privilege, and the user does not choose to start the program using Run as administrator."
Audit Success,11/3/2025 1:22,Microsoft-Windows-Security-Auditing,4688,Process Creation,"A new process has been created.

Creator Subject:
	Security ID:		SYSTEM
	Account Name:		WIN-SIVMS1G7J74$
	Account Domain:		WORKGROUP
	Logon ID:		0x3E7

Target Subject:
	Security ID:		NULL SID
	Account Name:		-
	Account Domain:		-
	Logon ID:		0x0

Process Information:
	New Process ID:		0xe34
	New Process Name:	C:\ProgramData\Microsoft\Windows Defender\Platform\4.18.25090.3009-0\MpCmdRun.exe
	Token Elevation Type:	%%1936
	Mandatory Label:		Mandatory Label\System Mandatory Level
	Creator Process ID:	0xa80
	Creator Process Name:	C:\ProgramData\Microsoft\Windows Defender\Platform\4.18.25090.3009-0\MsMpEng.exe
	Process Command Line:	""C:\ProgramData\Microsoft\Windows Defender\platform\4.18.25090.3009-0\MpCmdRun.exe"" SignatureUpdate -ScheduleJob -RestrictPrivileges

Token Elevation Type indicates the type of token that was assigned to the new process in accordance with User Account Control policy.

Type 1 is a full token with no privileges removed or groups disabled.  A full token is only used if User Account Control is disabled or if the user is the built-in Administrator account or a service account.

Type 2 is an elevated token with no privileges removed or groups disabled.  An elevated token is used when User Account Control is enabled and the user chooses to start the program using Run as administrator.  An elevated token is also used when an application is configured to always require administrative privilege or to always require maximum privilege, and the user is a member of the Administrators group.

Type 3 is a limited token with administrative privileges removed and administrative groups disabled.  The limited token is used when User Account Control is enabled, the application does not require administrative privilege, and the user does not choose to start the program using Run as administrator."
Audit Success,11/3/2025 1:22,Microsoft-Windows-Security-Auditing,4688,Process Creation,"A new process has been created.

Creator Subject:
	Security ID:		SYSTEM
	Account Name:		WIN-SIVMS1G7J74$
	Account Domain:		WORKGROUP
	Logon ID:		0x3E7

Target Subject:
	Security ID:		NULL SID
	Account Name:		-
	Account Domain:		-
	Logon ID:		0x0

Process Information:
	New Process ID:		0x1290
	New Process Name:	C:\Windows\System32\conhost.exe
	Token Elevation Type:	%%1936
	Mandatory Label:		Mandatory Label\System Mandatory Level
	Creator Process ID:	0xe34
	Creator Process Name:	C:\ProgramData\Microsoft\Windows Defender\Platform\4.18.25090.3009-0\MpCmdRun.exe
	Process Command Line:	\??\C:\Windows\system32\conhost.exe 0xffffffff -ForceV1

Token Elevation Type indicates the type of token that was assigned to the new process in accordance with User Account Control policy.

Type 1 is a full token with no privileges removed or groups disabled.  A full token is only used if User Account Control is disabled or if the user is the built-in Administrator account or a service account.

Type 2 is an elevated token with no privileges removed or groups disabled.  An elevated token is used when User Account Control is enabled and the user chooses to start the program using Run as administrator.  An elevated token is also used when an application is configured to always require administrative privilege or to always require maximum privilege, and the user is a member of the Administrators group.

Type 3 is a limited token with administrative privileges removed and administrative groups disabled.  The limited token is used when User Account Control is enabled, the application does not require administrative privilege, and the user does not choose to start the program using Run as administrator."
Audit Success,11/3/2025 1:22,Microsoft-Windows-Security-Auditing,4688,Process Creation,"A new process has been created.

Creator Subject:
	Security ID:		SYSTEM
	Account Name:		WIN-SIVMS1G7J74$
	Account Domain:		WORKGROUP
	Logon ID:		0x3E7

Target Subject:
	Security ID:		NULL SID
	Account Name:		-
	Account Domain:		-
	Logon ID:		0x0

Process Information:
	New Process ID:		0x878
	New Process Name:	C:\ProgramData\Microsoft\Windows Defender\Platform\4.18.25090.3009-0\MpCmdRun.exe
	Token Elevation Type:	%%1936
	Mandatory Label:		Mandatory Label\System Mandatory Level
	Creator Process ID:	0xa80
	Creator Process Name:	C:\ProgramData\Microsoft\Windows Defender\Platform\4.18.25090.3009-0\MsMpEng.exe
	Process Command Line:	""C:\ProgramData\Microsoft\Windows Defender\platform\4.18.25090.3009-0\MpCmdRun.exe"" SignaturesUpdateService -ScheduleJob -HttpDownload -RestrictPrivileges

Token Elevation Type indicates the type of token that was assigned to the new process in accordance with User Account Control policy.

Type 1 is a full token with no privileges removed or groups disabled.  A full token is only used if User Account Control is disabled or if the user is the built-in Administrator account or a service account.

Type 2 is an elevated token with no privileges removed or groups disabled.  An elevated token is used when User Account Control is enabled and the user chooses to start the program using Run as administrator.  An elevated token is also used when an application is configured to always require administrative privilege or to always require maximum privilege, and the user is a member of the Administrators group.

Type 3 is a limited token with administrative privileges removed and administrative groups disabled.  The limited token is used when User Account Control is enabled, the application does not require administrative privilege, and the user does not choose to start the program using Run as administrator."
Audit Success,11/3/2025 1:23,Microsoft-Windows-Security-Auditing,4688,Process Creation,"A new process has been created.

Creator Subject:
	Security ID:		WIN-SIVMS1G7J74\Administrator
	Account Name:		Administrator
	Account Domain:		WIN-SIVMS1G7J74
	Logon ID:		0x850D1

Target Subject:
	Security ID:		NULL SID
	Account Name:		-
	Account Domain:		-
	Logon ID:		0x0

Process Information:
	New Process ID:		0x117c
	New Process Name:	C:\Windows\System32\notepad.exe
	Token Elevation Type:	%%1936
	Mandatory Label:		Mandatory Label\High Mandatory Level
	Creator Process ID:	0x668
	Creator Process Name:	C:\Windows\explorer.exe
	Process Command Line:	""C:\Windows\System32\notepad.exe"" ""C:\Users\Administrator\Downloads\payload.ps1""

Token Elevation Type indicates the type of token that was assigned to the new process in accordance with User Account Control policy.

Type 1 is a full token with no privileges removed or groups disabled.  A full token is only used if User Account Control is disabled or if the user is the built-in Administrator account or a service account.

Type 2 is an elevated token with no privileges removed or groups disabled.  An elevated token is used when User Account Control is enabled and the user chooses to start the program using Run as administrator.  An elevated token is also used when an application is configured to always require administrative privilege or to always require maximum privilege, and the user is a member of the Administrators group.

Type 3 is a limited token with administrative privileges removed and administrative groups disabled.  The limited token is used when User Account Control is enabled, the application does not require administrative privilege, and the user does not choose to start the program using Run as administrator."
Audit Success,11/3/2025 1:23,Microsoft-Windows-Security-Auditing,4688,Process Creation,"A new process has been created.

Creator Subject:
	Security ID:		WIN-SIVMS1G7J74\Administrator
	Account Name:		Administrator
	Account Domain:		WIN-SIVMS1G7J74
	Logon ID:		0x850D1

Target Subject:
	Security ID:		NULL SID
	Account Name:		-
	Account Domain:		-
	Logon ID:		0x0

Process Information:
	New Process ID:		0x137c
	New Process Name:	C:\Windows\System32\WindowsPowerShell\v1.0\powershell.exe
	Token Elevation Type:	%%1936
	Mandatory Label:		Mandatory Label\High Mandatory Level
	Creator Process ID:	0x668
	Creator Process Name:	C:\Windows\explorer.exe
	Process Command Line:	""C:\Windows\System32\WindowsPowerShell\v1.0\powershell.exe"" ""-Command"" ""if((Get-ExecutionPolicy ) -ne 'AllSigned') { Set-ExecutionPolicy -Scope Process Bypass }; & 'C:\Users\Administrator\Downloads\payload.ps1'""

Token Elevation Type indicates the type of token that was assigned to the new process in accordance with User Account Control policy.

Type 1 is a full token with no privileges removed or groups disabled.  A full token is only used if User Account Control is disabled or if the user is the built-in Administrator account or a service account.

Type 2 is an elevated token with no privileges removed or groups disabled.  An elevated token is used when User Account Control is enabled and the user chooses to start the program using Run as administrator.  An elevated token is also used when an application is configured to always require administrative privilege or to always require maximum privilege, and the user is a member of the Administrators group.

Type 3 is a limited token with administrative privileges removed and administrative groups disabled.  The limited token is used when User Account Control is enabled, the application does not require administrative privilege, and the user does not choose to start the program using Run as administrator."
Audit Success,11/3/2025 1:23,Microsoft-Windows-Security-Auditing,4688,Process Creation,"A new process has been created.

Creator Subject:
	Security ID:		WIN-SIVMS1G7J74\Administrator
	Account Name:		Administrator
	Account Domain:		WIN-SIVMS1G7J74
	Logon ID:		0x850D1

Target Subject:
	Security ID:		NULL SID
	Account Name:		-
	Account Domain:		-
	Logon ID:		0x0

Process Information:
	New Process ID:		0xec8
	New Process Name:	C:\Windows\System32\conhost.exe
	Token Elevation Type:	%%1936
	Mandatory Label:		Mandatory Label\High Mandatory Level
	Creator Process ID:	0x137c
	Creator Process Name:	C:\Windows\System32\WindowsPowerShell\v1.0\powershell.exe
	Process Command Line:	\??\C:\Windows\system32\conhost.exe 0xffffffff -ForceV1

Token Elevation Type indicates the type of token that was assigned to the new process in accordance with User Account Control policy.

Type 1 is a full token with no privileges removed or groups disabled.  A full token is only used if User Account Control is disabled or if the user is the built-in Administrator account or a service account.

Type 2 is an elevated token with no privileges removed or groups disabled.  An elevated token is used when User Account Control is enabled and the user chooses to start the program using Run as administrator.  An elevated token is also used when an application is configured to always require administrative privilege or to always require maximum privilege, and the user is a member of the Administrators group.

Type 3 is a limited token with administrative privileges removed and administrative groups disabled.  The limited token is used when User Account Control is enabled, the application does not require administrative privilege, and the user does not choose to start the program using Run as administrator."
Audit Success,11/3/2025 1:22,Microsoft-Windows-Security-Auditing,4688,Process Creation,"A new process has been created.

Creator Subject:
	Security ID:		SYSTEM
	Account Name:		WIN-SIVMS1G7J74$
	Account Domain:		WORKGROUP
	Logon ID:		0x3E7

Target Subject:
	Security ID:		NULL SID
	Account Name:		-
	Account Domain:		-
	Logon ID:		0x0

Process Information:
	New Process ID:		0xdf0
	New Process Name:	C:\Windows\System32\conhost.exe
	Token Elevation Type:	%%1936
	Mandatory Label:		Mandatory Label\System Mandatory Level
	Creator Process ID:	0x878
	Creator Process Name:	C:\ProgramData\Microsoft\Windows Defender\Platform\4.18.25090.3009-0\MpCmdRun.exe
	Process Command Line:	\??\C:\Windows\system32\conhost.exe 0xffffffff -ForceV1

Token Elevation Type indicates the type of token that was assigned to the new process in accordance with User Account Control policy.

Type 1 is a full token with no privileges removed or groups disabled.  A full token is only used if User Account Control is disabled or if the user is the built-in Administrator account or a service account.

Type 2 is an elevated token with no privileges removed or groups disabled.  An elevated token is used when User Account Control is enabled and the user chooses to start the program using Run as administrator.  An elevated token is also used when an application is configured to always require administrative privilege or to always require maximum privilege, and the user is a member of the Administrators group.

Type 3 is a limited token with administrative privileges removed and administrative groups disabled.  The limited token is used when User Account Control is enabled, the application does not require administrative privilege, and the user does not choose to start the program using Run as administrator."
Audit Success,11/3/2025 1:22,Microsoft-Windows-Security-Auditing,4688,Process Creation,"A new process has been created.

Creator Subject:
	Security ID:		SYSTEM
	Account Name:		WIN-SIVMS1G7J74$
	Account Domain:		WORKGROUP
	Logon ID:		0x3E7

Target Subject:
	Security ID:		NULL SID
	Account Name:		-
	Account Domain:		-
	Logon ID:		0x0

Process Information:
	New Process ID:		0x864
	New Process Name:	C:\Windows\System32\svchost.exe
	Token Elevation Type:	%%1936
	Mandatory Label:		Mandatory Label\System Mandatory Level
	Creator Process ID:	0x264
	Creator Process Name:	C:\Windows\System32\services.exe
	Process Command Line:	C:\Windows\system32\svchost.exe -k netsvcs -p -s wlidsvc

Token Elevation Type indicates the type of token that was assigned to the new process in accordance with User Account Control policy.

Type 1 is a full token with no privileges removed or groups disabled.  A full token is only used if User Account Control is disabled or if the user is the built-in Administrator account or a service account.

Type 2 is an elevated token with no privileges removed or groups disabled.  An elevated token is used when User Account Control is enabled and the user chooses to start the program using Run as administrator.  An elevated token is also used when an application is configured to always require administrative privilege or to always require maximum privilege, and the user is a member of the Administrators group.

Type 3 is a limited token with administrative privileges removed and administrative groups disabled.  The limited token is used when User Account Control is enabled, the application does not require administrative privilege, and the user does not choose to start the program using Run as administrator."
Audit Success,11/3/2025 1:23,Microsoft-Windows-Security-Auditing,4688,Process Creation,"A new process has been created.

Creator Subject:
	Security ID:		SYSTEM
	Account Name:		WIN-SIVMS1G7J74$
	Account Domain:		WORKGROUP
	Logon ID:		0x3E7

Target Subject:
	Security ID:		NULL SID
	Account Name:		Administrator
	Account Domain:		WIN-SIVMS1G7J74
	Logon ID:		0x850D1

Process Information:
	New Process ID:		0xe28
	New Process Name:	C:\Windows\System32\dllhost.exe
	Token Elevation Type:	%%1936
	Mandatory Label:		Mandatory Label\High Mandatory Level
	Creator Process ID:	0x2f4
	Creator Process Name:	C:\Windows\System32\svchost.exe
	Process Command Line:	C:\Windows\system32\DllHost.exe /Processid:{AB8902B4-09CA-4BB6-B78D-A8F59079A8D5}

Token Elevation Type indicates the type of token that was assigned to the new process in accordance with User Account Control policy.

Type 1 is a full token with no privileges removed or groups disabled.  A full token is only used if User Account Control is disabled or if the user is the built-in Administrator account or a service account.

Type 2 is an elevated token with no privileges removed or groups disabled.  An elevated token is used when User Account Control is enabled and the user chooses to start the program using Run as administrator.  An elevated token is also used when an application is configured to always require administrative privilege or to always require maximum privilege, and the user is a member of the Administrators group.

Type 3 is a limited token with administrative privileges removed and administrative groups disabled.  The limited token is used when User Account Control is enabled, the application does not require administrative privilege, and the user does not choose to start the program using Run as administrator."
Audit Success,11/3/2025 8:50,Microsoft-Windows-Security-Auditing,4688,Process Creation,"A new process has been created.

Creator Subject:
	Security ID:		SYSTEM
	Account Name:		-
	Account Domain:		-
	Logon ID:		0x3E7

Target Subject:
	Security ID:		NULL SID
	Account Name:		-
	Account Domain:		-
	Logon ID:		0x0

Process Information:
	New Process ID:		0x264
	New Process Name:	C:\Windows\System32\services.exe
	Token Elevation Type:	%%1936
	Mandatory Label:		Mandatory Label\System Mandatory Level
	Creator Process ID:	0x1ec
	Creator Process Name:	C:\Windows\System32\wininit.exe
	Process Command Line:	

Token Elevation Type indicates the type of token that was assigned to the new process in accordance with User Account Control policy.

Type 1 is a full token with no privileges removed or groups disabled.  A full token is only used if User Account Control is disabled or if the user is the built-in Administrator account or a service account.

Type 2 is an elevated token with no privileges removed or groups disabled.  An elevated token is used when User Account Control is enabled and the user chooses to start the program using Run as administrator.  An elevated token is also used when an application is configured to always require administrative privilege or to always require maximum privilege, and the user is a member of the Administrators group.

Type 3 is a limited token with administrative privileges removed and administrative groups disabled.  The limited token is used when User Account Control is enabled, the application does not require administrative privilege, and the user does not choose to start the program using Run as administrator."
Audit Success,10/19/2025 10:03,Microsoft-Windows-Security-Auditing,4688,Process Creation,"A new process has been created.

Creator Subject:
	Security ID:		SYSTEM
	Account Name:		-
	Account Domain:		-
	Logon ID:		0x3E7

Target Subject:
	Security ID:		NULL SID
	Account Name:		-
	Account Domain:		-
	Logon ID:		0x0

Process Information:
	New Process ID:		0x1c8
	New Process Name:	C:\Windows\System32\smss.exe
	Token Elevation Type:	%%1936
	Mandatory Label:		Mandatory Label\System Mandatory Level
	Creator Process ID:	0x124
	Creator Process Name:	C:\Windows\System32\smss.exe
	Process Command Line:	

Token Elevation Type indicates the type of token that was assigned to the new process in accordance with User Account Control policy.

Type 1 is a full token with no privileges removed or groups disabled.  A full token is only used if User Account Control is disabled or if the user is the built-in Administrator account or a service account.

Type 2 is an elevated token with no privileges removed or groups disabled.  An elevated token is used when User Account Control is enabled and the user chooses to start the program using Run as administrator.  An elevated token is also used when an application is configured to always require administrative privilege or to always require maximum privilege, and the user is a member of the Administrators group.

Type 3 is a limited token with administrative privileges removed and administrative groups disabled.  The limited token is used when User Account Control is enabled, the application does not require administrative privilege, and the user does not choose to start the program using Run as administrator."
Audit Success,10/19/2025 10:03,Microsoft-Windows-Security-Auditing,4688,Process Creation,"A new process has been created.

Creator Subject:
	Security ID:		SYSTEM
	Account Name:		-
	Account Domain:		-
	Logon ID:		0x3E7

Target Subject:
	Security ID:		NULL SID
	Account Name:		-
	Account Domain:		-
	Logon ID:		0x0

Process Information:
	New Process ID:		0x1d0
	New Process Name:	C:\Windows\System32\csrss.exe
	Token Elevation Type:	%%1936
	Mandatory Label:		Mandatory Label\System Mandatory Level
	Creator Process ID:	0x1c8
	Creator Process Name:	C:\Windows\System32\smss.exe
	Process Command Line:	

Token Elevation Type indicates the type of token that was assigned to the new process in accordance with User Account Control policy.

Type 1 is a full token with no privileges removed or groups disabled.  A full token is only used if User Account Control is disabled or if the user is the built-in Administrator account or a service account.

Type 2 is an elevated token with no privileges removed or groups disabled.  An elevated token is used when User Account Control is enabled and the user chooses to start the program using Run as administrator.  An elevated token is also used when an application is configured to always require administrative privilege or to always require maximum privilege, and the user is a member of the Administrators group.

Type 3 is a limited token with administrative privileges removed and administrative groups disabled.  The limited token is used when User Account Control is enabled, the application does not require administrative privilege, and the user does not choose to start the program using Run as administrator."
Audit Success,10/19/2025 10:03,Microsoft-Windows-Security-Auditing,4688,Process Creation,"A new process has been created.

Creator Subject:
	Security ID:		SYSTEM
	Account Name:		-
	Account Domain:		-
	Logon ID:		0x3E7

Target Subject:
	Security ID:		NULL SID
	Account Name:		-
	Account Domain:		-
	Logon ID:		0x0

Process Information:
	New Process ID:		0x1e4
	New Process Name:	C:\Windows\System32\wininit.exe
	Token Elevation Type:	%%1936
	Mandatory Label:		Mandatory Label\System Mandatory Level
	Creator Process ID:	0x17c
	Creator Process Name:	C:\Windows\System32\smss.exe
	Process Command Line:	

Token Elevation Type indicates the type of token that was assigned to the new process in accordance with User Account Control policy.

Type 1 is a full token with no privileges removed or groups disabled.  A full token is only used if User Account Control is disabled or if the user is the built-in Administrator account or a service account.

Type 2 is an elevated token with no privileges removed or groups disabled.  An elevated token is used when User Account Control is enabled and the user chooses to start the program using Run as administrator.  An elevated token is also used when an application is configured to always require administrative privilege or to always require maximum privilege, and the user is a member of the Administrators group.

Type 3 is a limited token with administrative privileges removed and administrative groups disabled.  The limited token is used when User Account Control is enabled, the application does not require administrative privilege, and the user does not choose to start the program using Run as administrator."
Audit Success,10/19/2025 10:03,Microsoft-Windows-Security-Auditing,4688,Process Creation,"A new process has been created.

Creator Subject:
	Security ID:		SYSTEM
	Account Name:		-
	Account Domain:		-
	Logon ID:		0x3E7

Target Subject:
	Security ID:		NULL SID
	Account Name:		-
	Account Domain:		-
	Logon ID:		0x0

Process Information:
	New Process ID:		0x144
	New Process Name:	C:\Windows\System32\autochk.exe
	Token Elevation Type:	%%1936
	Mandatory Label:		Mandatory Label\System Mandatory Level
	Creator Process ID:	0x124
	Creator Process Name:	C:\Windows\System32\smss.exe
	Process Command Line:	

Token Elevation Type indicates the type of token that was assigned to the new process in accordance with User Account Control policy.

Type 1 is a full token with no privileges removed or groups disabled.  A full token is only used if User Account Control is disabled or if the user is the built-in Administrator account or a service account.

Type 2 is an elevated token with no privileges removed or groups disabled.  An elevated token is used when User Account Control is enabled and the user chooses to start the program using Run as administrator.  An elevated token is also used when an application is configured to always require administrative privilege or to always require maximum privilege, and the user is a member of the Administrators group.

Type 3 is a limited token with administrative privileges removed and administrative groups disabled.  The limited token is used when User Account Control is enabled, the application does not require administrative privilege, and the user does not choose to start the program using Run as administrator."
Audit Success,10/19/2025 10:03,Microsoft-Windows-Security-Auditing,4688,Process Creation,"A new process has been created.

Creator Subject:
	Security ID:		SYSTEM
	Account Name:		-
	Account Domain:		-
	Logon ID:		0x3E7

Target Subject:
	Security ID:		NULL SID
	Account Name:		-
	Account Domain:		-
	Logon ID:		0x0

Process Information:
	New Process ID:		0x17c
	New Process Name:	C:\Windows\System32\smss.exe
	Token Elevation Type:	%%1936
	Mandatory Label:		Mandatory Label\System Mandatory Level
	Creator Process ID:	0x124
	Creator Process Name:	C:\Windows\System32\smss.exe
	Process Command Line:	

Token Elevation Type indicates the type of token that was assigned to the new process in accordance with User Account Control policy.

Type 1 is a full token with no privileges removed or groups disabled.  A full token is only used if User Account Control is disabled or if the user is the built-in Administrator account or a service account.

Type 2 is an elevated token with no privileges removed or groups disabled.  An elevated token is used when User Account Control is enabled and the user chooses to start the program using Run as administrator.  An elevated token is also used when an application is configured to always require administrative privilege or to always require maximum privilege, and the user is a member of the Administrators group.

Type 3 is a limited token with administrative privileges removed and administrative groups disabled.  The limited token is used when User Account Control is enabled, the application does not require administrative privilege, and the user does not choose to start the program using Run as administrator."
Audit Success,10/19/2025 10:03,Microsoft-Windows-Security-Auditing,4688,Process Creation,"A new process has been created.

Creator Subject:
	Security ID:		SYSTEM
	Account Name:		-
	Account Domain:		-
	Logon ID:		0x3E7

Target Subject:
	Security ID:		NULL SID
	Account Name:		-
	Account Domain:		-
	Logon ID:		0x0

Process Information:
	New Process ID:		0x184
	New Process Name:	C:\Windows\System32\csrss.exe
	Token Elevation Type:	%%1936
	Mandatory Label:		Mandatory Label\System Mandatory Level
	Creator Process ID:	0x17c
	Creator Process Name:	C:\Windows\System32\smss.exe
	Process Command Line:	

Token Elevation Type indicates the type of token that was assigned to the new process in accordance with User Account Control policy.

Type 1 is a full token with no privileges removed or groups disabled.  A full token is only used if User Account Control is disabled or if the user is the built-in Administrator account or a service account.

Type 2 is an elevated token with no privileges removed or groups disabled.  An elevated token is used when User Account Control is enabled and the user chooses to start the program using Run as administrator.  An elevated token is also used when an application is configured to always require administrative privilege or to always require maximum privilege, and the user is a member of the Administrators group.

Type 3 is a limited token with administrative privileges removed and administrative groups disabled.  The limited token is used when User Account Control is enabled, the application does not require administrative privilege, and the user does not choose to start the program using Run as administrator."
Audit Success,10/19/2025 10:03,Microsoft-Windows-Security-Auditing,4688,Process Creation,"A new process has been created.

Creator Subject:
	Security ID:		SYSTEM
	Account Name:		-
	Account Domain:		-
	Logon ID:		0x3E7

Target Subject:
	Security ID:		NULL SID
	Account Name:		-
	Account Domain:		-
	Logon ID:		0x0

Process Information:
	New Process ID:		0x208
	New Process Name:	C:\Windows\System32\winlogon.exe
	Token Elevation Type:	%%1936
	Mandatory Label:		Mandatory Label\System Mandatory Level
	Creator Process ID:	0x1c8
	Creator Process Name:	C:\Windows\System32\smss.exe
	Process Command Line:	

Token Elevation Type indicates the type of token that was assigned to the new process in accordance with User Account Control policy.

Type 1 is a full token with no privileges removed or groups disabled.  A full token is only used if User Account Control is disabled or if the user is the built-in Administrator account or a service account.

Type 2 is an elevated token with no privileges removed or groups disabled.  An elevated token is used when User Account Control is enabled and the user chooses to start the program using Run as administrator.  An elevated token is also used when an application is configured to always require administrative privilege or to always require maximum privilege, and the user is a member of the Administrators group.

Type 3 is a limited token with administrative privileges removed and administrative groups disabled.  The limited token is used when User Account Control is enabled, the application does not require administrative privilege, and the user does not choose to start the program using Run as administrator."
Audit Success,10/24/2025 11:11,Microsoft-Windows-Security-Auditing,4688,Process Creation,"A new process has been created.

Creator Subject:
	Security ID:		SYSTEM
	Account Name:		-
	Account Domain:		-
	Logon ID:		0x3E7

Target Subject:
	Security ID:		NULL SID
	Account Name:		-
	Account Domain:		-
	Logon ID:		0x0

Process Information:
	New Process ID:		0x124
	New Process Name:	C:\Windows\System32\smss.exe
	Token Elevation Type:	%%1936
	Mandatory Label:		Mandatory Label\System Mandatory Level
	Creator Process ID:	0x4
	Creator Process Name:	
	Process Command Line:	

Token Elevation Type indicates the type of token that was assigned to the new process in accordance with User Account Control policy.

Type 1 is a full token with no privileges removed or groups disabled.  A full token is only used if User Account Control is disabled or if the user is the built-in Administrator account or a service account.

Type 2 is an elevated token with no privileges removed or groups disabled.  An elevated token is used when User Account Control is enabled and the user chooses to start the program using Run as administrator.  An elevated token is also used when an application is configured to always require administrative privilege or to always require maximum privilege, and the user is a member of the Administrators group.

Type 3 is a limited token with administrative privileges removed and administrative groups disabled.  The limited token is used when User Account Control is enabled, the application does not require administrative privilege, and the user does not choose to start the program using Run as administrator."
Audit Success,10/24/2025 11:11,Microsoft-Windows-Security-Auditing,4688,Process Creation,"A new process has been created.

Creator Subject:
	Security ID:		SYSTEM
	Account Name:		-
	Account Domain:		-
	Logon ID:		0x3E7

Target Subject:
	Security ID:		NULL SID
	Account Name:		-
	Account Domain:		-
	Logon ID:		0x0

Process Information:
	New Process ID:		0x140
	New Process Name:	C:\Windows\System32\autochk.exe
	Token Elevation Type:	%%1936
	Mandatory Label:		Mandatory Label\System Mandatory Level
	Creator Process ID:	0x124
	Creator Process Name:	C:\Windows\System32\smss.exe
	Process Command Line:	

Token Elevation Type indicates the type of token that was assigned to the new process in accordance with User Account Control policy.

Type 1 is a full token with no privileges removed or groups disabled.  A full token is only used if User Account Control is disabled or if the user is the built-in Administrator account or a service account.

Type 2 is an elevated token with no privileges removed or groups disabled.  An elevated token is used when User Account Control is enabled and the user chooses to start the program using Run as administrator.  An elevated token is also used when an application is configured to always require administrative privilege or to always require maximum privilege, and the user is a member of the Administrators group.

Type 3 is a limited token with administrative privileges removed and administrative groups disabled.  The limited token is used when User Account Control is enabled, the application does not require administrative privilege, and the user does not choose to start the program using Run as administrator."
Audit Success,10/24/2025 11:11,Microsoft-Windows-Security-Auditing,4688,Process Creation,"A new process has been created.

Creator Subject:
	Security ID:		SYSTEM
	Account Name:		-
	Account Domain:		-
	Logon ID:		0x3E7

Target Subject:
	Security ID:		NULL SID
	Account Name:		-
	Account Domain:		-
	Logon ID:		0x0

Process Information:
	New Process ID:		0x178
	New Process Name:	C:\Windows\System32\smss.exe
	Token Elevation Type:	%%1936
	Mandatory Label:		Mandatory Label\System Mandatory Level
	Creator Process ID:	0x124
	Creator Process Name:	C:\Windows\System32\smss.exe
	Process Command Line:	

Token Elevation Type indicates the type of token that was assigned to the new process in accordance with User Account Control policy.

Type 1 is a full token with no privileges removed or groups disabled.  A full token is only used if User Account Control is disabled or if the user is the built-in Administrator account or a service account.

Type 2 is an elevated token with no privileges removed or groups disabled.  An elevated token is used when User Account Control is enabled and the user chooses to start the program using Run as administrator.  An elevated token is also used when an application is configured to always require administrative privilege or to always require maximum privilege, and the user is a member of the Administrators group.

Type 3 is a limited token with administrative privileges removed and administrative groups disabled.  The limited token is used when User Account Control is enabled, the application does not require administrative privilege, and the user does not choose to start the program using Run as administrator."
Audit Success,10/19/2025 10:03,Microsoft-Windows-Security-Auditing,4688,Process Creation,"A new process has been created.

Creator Subject:
	Security ID:		SYSTEM
	Account Name:		-
	Account Domain:		-
	Logon ID:		0x3E7

Target Subject:
	Security ID:		NULL SID
	Account Name:		-
	Account Domain:		-
	Logon ID:		0x0

Process Information:
	New Process ID:		0x258
	New Process Name:	C:\Windows\System32\services.exe
	Token Elevation Type:	%%1936
	Mandatory Label:		Mandatory Label\System Mandatory Level
	Creator Process ID:	0x1e4
	Creator Process Name:	C:\Windows\System32\wininit.exe
	Process Command Line:	

Token Elevation Type indicates the type of token that was assigned to the new process in accordance with User Account Control policy.

Type 1 is a full token with no privileges removed or groups disabled.  A full token is only used if User Account Control is disabled or if the user is the built-in Administrator account or a service account.

Type 2 is an elevated token with no privileges removed or groups disabled.  An elevated token is used when User Account Control is enabled and the user chooses to start the program using Run as administrator.  An elevated token is also used when an application is configured to always require administrative privilege or to always require maximum privilege, and the user is a member of the Administrators group.

Type 3 is a limited token with administrative privileges removed and administrative groups disabled.  The limited token is used when User Account Control is enabled, the application does not require administrative privilege, and the user does not choose to start the program using Run as administrator."
Audit Success,10/19/2025 10:03,Microsoft-Windows-Security-Auditing,4688,Process Creation,"A new process has been created.

Creator Subject:
	Security ID:		SYSTEM
	Account Name:		-
	Account Domain:		-
	Logon ID:		0x3E7

Target Subject:
	Security ID:		NULL SID
	Account Name:		-
	Account Domain:		-
	Logon ID:		0x0

Process Information:
	New Process ID:		0x264
	New Process Name:	C:\Windows\System32\lsass.exe
	Token Elevation Type:	%%1936
	Mandatory Label:		Mandatory Label\System Mandatory Level
	Creator Process ID:	0x1e4
	Creator Process Name:	C:\Windows\System32\wininit.exe
	Process Command Line:	

Token Elevation Type indicates the type of token that was assigned to the new process in accordance with User Account Control policy.

Type 1 is a full token with no privileges removed or groups disabled.  A full token is only used if User Account Control is disabled or if the user is the built-in Administrator account or a service account.

Type 2 is an elevated token with no privileges removed or groups disabled.  An elevated token is used when User Account Control is enabled and the user chooses to start the program using Run as administrator.  An elevated token is also used when an application is configured to always require administrative privilege or to always require maximum privilege, and the user is a member of the Administrators group.

Type 3 is a limited token with administrative privileges removed and administrative groups disabled.  The limited token is used when User Account Control is enabled, the application does not require administrative privilege, and the user does not choose to start the program using Run as administrator."
Audit Success,10/24/2025 11:11,Microsoft-Windows-Security-Auditing,4688,Process Creation,"A new process has been created.

Creator Subject:
	Security ID:		SYSTEM
	Account Name:		-
	Account Domain:		-
	Logon ID:		0x3E7

Target Subject:
	Security ID:		NULL SID
	Account Name:		-
	Account Domain:		-
	Logon ID:		0x0

Process Information:
	New Process ID:		0x58
	New Process Name:	Registry
	Token Elevation Type:	%%1936
	Mandatory Label:		Mandatory Label\System Mandatory Level
	Creator Process ID:	0x4
	Creator Process Name:	
	Process Command Line:	

Token Elevation Type indicates the type of token that was assigned to the new process in accordance with User Account Control policy.

Type 1 is a full token with no privileges removed or groups disabled.  A full token is only used if User Account Control is disabled or if the user is the built-in Administrator account or a service account.

Type 2 is an elevated token with no privileges removed or groups disabled.  An elevated token is used when User Account Control is enabled and the user chooses to start the program using Run as administrator.  An elevated token is also used when an application is configured to always require administrative privilege or to always require maximum privilege, and the user is a member of the Administrators group.

Type 3 is a limited token with administrative privileges removed and administrative groups disabled.  The limited token is used when User Account Control is enabled, the application does not require administrative privilege, and the user does not choose to start the program using Run as administrator."
Audit Success,10/19/2025 10:03,Microsoft-Windows-Security-Auditing,4688,Process Creation,"A new process has been created.

Creator Subject:
	Security ID:		SYSTEM
	Account Name:		-
	Account Domain:		-
	Logon ID:		0x3E7

Target Subject:
	Security ID:		NULL SID
	Account Name:		-
	Account Domain:		-
	Logon ID:		0x0

Process Information:
	New Process ID:		0x124
	New Process Name:	C:\Windows\System32\smss.exe
	Token Elevation Type:	%%1936
	Mandatory Label:		Mandatory Label\System Mandatory Level
	Creator Process ID:	0x4
	Creator Process Name:	
	Process Command Line:	

Token Elevation Type indicates the type of token that was assigned to the new process in accordance with User Account Control policy.

Type 1 is a full token with no privileges removed or groups disabled.  A full token is only used if User Account Control is disabled or if the user is the built-in Administrator account or a service account.

Type 2 is an elevated token with no privileges removed or groups disabled.  An elevated token is used when User Account Control is enabled and the user chooses to start the program using Run as administrator.  An elevated token is also used when an application is configured to always require administrative privilege or to always require maximum privilege, and the user is a member of the Administrators group.

Type 3 is a limited token with administrative privileges removed and administrative groups disabled.  The limited token is used when User Account Control is enabled, the application does not require administrative privilege, and the user does not choose to start the program using Run as administrator."
Audit Success,9/28/2025 8:27,Microsoft-Windows-Security-Auditing,4688,Process Creation,"A new process has been created.

Creator Subject:
	Security ID:		SYSTEM
	Account Name:		-
	Account Domain:		-
	Logon ID:		0x3E7

Target Subject:
	Security ID:		NULL SID
	Account Name:		-
	Account Domain:		-
	Logon ID:		0x0

Process Information:
	New Process ID:		0x140
	New Process Name:	C:\Windows\System32\autochk.exe
	Token Elevation Type:	%%1936
	Mandatory Label:		Mandatory Label\System Mandatory Level
	Creator Process ID:	0x124
	Creator Process Name:	C:\Windows\System32\smss.exe
	Process Command Line:	

Token Elevation Type indicates the type of token that was assigned to the new process in accordance with User Account Control policy.

Type 1 is a full token with no privileges removed or groups disabled.  A full token is only used if User Account Control is disabled or if the user is the built-in Administrator account or a service account.

Type 2 is an elevated token with no privileges removed or groups disabled.  An elevated token is used when User Account Control is enabled and the user chooses to start the program using Run as administrator.  An elevated token is also used when an application is configured to always require administrative privilege or to always require maximum privilege, and the user is a member of the Administrators group.

Type 3 is a limited token with administrative privileges removed and administrative groups disabled.  The limited token is used when User Account Control is enabled, the application does not require administrative privilege, and the user does not choose to start the program using Run as administrator."
Audit Success,9/28/2025 8:27,Microsoft-Windows-Security-Auditing,4688,Process Creation,"A new process has been created.

Creator Subject:
	Security ID:		SYSTEM
	Account Name:		-
	Account Domain:		-
	Logon ID:		0x3E7

Target Subject:
	Security ID:		NULL SID
	Account Name:		-
	Account Domain:		-
	Logon ID:		0x0

Process Information:
	New Process ID:		0x178
	New Process Name:	C:\Windows\System32\smss.exe
	Token Elevation Type:	%%1936
	Mandatory Label:		Mandatory Label\System Mandatory Level
	Creator Process ID:	0x124
	Creator Process Name:	C:\Windows\System32\smss.exe
	Process Command Line:	

Token Elevation Type indicates the type of token that was assigned to the new process in accordance with User Account Control policy.

Type 1 is a full token with no privileges removed or groups disabled.  A full token is only used if User Account Control is disabled or if the user is the built-in Administrator account or a service account.

Type 2 is an elevated token with no privileges removed or groups disabled.  An elevated token is used when User Account Control is enabled and the user chooses to start the program using Run as administrator.  An elevated token is also used when an application is configured to always require administrative privilege or to always require maximum privilege, and the user is a member of the Administrators group.

Type 3 is a limited token with administrative privileges removed and administrative groups disabled.  The limited token is used when User Account Control is enabled, the application does not require administrative privilege, and the user does not choose to start the program using Run as administrator."
Audit Success,9/28/2025 8:27,Microsoft-Windows-Security-Auditing,4688,Process Creation,"A new process has been created.

Creator Subject:
	Security ID:		SYSTEM
	Account Name:		-
	Account Domain:		-
	Logon ID:		0x3E7

Target Subject:
	Security ID:		NULL SID
	Account Name:		-
	Account Domain:		-
	Logon ID:		0x0

Process Information:
	New Process ID:		0x180
	New Process Name:	C:\Windows\System32\csrss.exe
	Token Elevation Type:	%%1936
	Mandatory Label:		Mandatory Label\System Mandatory Level
	Creator Process ID:	0x178
	Creator Process Name:	C:\Windows\System32\smss.exe
	Process Command Line:	

Token Elevation Type indicates the type of token that was assigned to the new process in accordance with User Account Control policy.

Type 1 is a full token with no privileges removed or groups disabled.  A full token is only used if User Account Control is disabled or if the user is the built-in Administrator account or a service account.

Type 2 is an elevated token with no privileges removed or groups disabled.  An elevated token is used when User Account Control is enabled and the user chooses to start the program using Run as administrator.  An elevated token is also used when an application is configured to always require administrative privilege or to always require maximum privilege, and the user is a member of the Administrators group.

Type 3 is a limited token with administrative privileges removed and administrative groups disabled.  The limited token is used when User Account Control is enabled, the application does not require administrative privilege, and the user does not choose to start the program using Run as administrator."
Audit Success,9/22/2025 21:02,Microsoft-Windows-Security-Auditing,4688,Process Creation,"A new process has been created.

Creator Subject:
	Security ID:		SYSTEM
	Account Name:		-
	Account Domain:		-
	Logon ID:		0x3E7

Target Subject:
	Security ID:		NULL SID
	Account Name:		-
	Account Domain:		-
	Logon ID:		0x0

Process Information:
	New Process ID:		0x278
	New Process Name:	C:\Windows\System32\lsass.exe
	Token Elevation Type:	%%1936
	Mandatory Label:		Mandatory Label\System Mandatory Level
	Creator Process ID:	0x1f8
	Creator Process Name:	C:\Windows\System32\wininit.exe
	Process Command Line:	

Token Elevation Type indicates the type of token that was assigned to the new process in accordance with User Account Control policy.

Type 1 is a full token with no privileges removed or groups disabled.  A full token is only used if User Account Control is disabled or if the user is the built-in Administrator account or a service account.

Type 2 is an elevated token with no privileges removed or groups disabled.  An elevated token is used when User Account Control is enabled and the user chooses to start the program using Run as administrator.  An elevated token is also used when an application is configured to always require administrative privilege or to always require maximum privilege, and the user is a member of the Administrators group.

Type 3 is a limited token with administrative privileges removed and administrative groups disabled.  The limited token is used when User Account Control is enabled, the application does not require administrative privilege, and the user does not choose to start the program using Run as administrator."
Audit Success,9/28/2025 8:27,Microsoft-Windows-Security-Auditing,4688,Process Creation,"A new process has been created.

Creator Subject:
	Security ID:		SYSTEM
	Account Name:		-
	Account Domain:		-
	Logon ID:		0x3E7

Target Subject:
	Security ID:		NULL SID
	Account Name:		-
	Account Domain:		-
	Logon ID:		0x0

Process Information:
	New Process ID:		0x58
	New Process Name:	Registry
	Token Elevation Type:	%%1936
	Mandatory Label:		Mandatory Label\System Mandatory Level
	Creator Process ID:	0x4
	Creator Process Name:	
	Process Command Line:	

Token Elevation Type indicates the type of token that was assigned to the new process in accordance with User Account Control policy.

Type 1 is a full token with no privileges removed or groups disabled.  A full token is only used if User Account Control is disabled or if the user is the built-in Administrator account or a service account.

Type 2 is an elevated token with no privileges removed or groups disabled.  An elevated token is used when User Account Control is enabled and the user chooses to start the program using Run as administrator.  An elevated token is also used when an application is configured to always require administrative privilege or to always require maximum privilege, and the user is a member of the Administrators group.

Type 3 is a limited token with administrative privileges removed and administrative groups disabled.  The limited token is used when User Account Control is enabled, the application does not require administrative privilege, and the user does not choose to start the program using Run as administrator."
Audit Success,9/28/2025 8:27,Microsoft-Windows-Security-Auditing,4688,Process Creation,"A new process has been created.

Creator Subject:
	Security ID:		SYSTEM
	Account Name:		-
	Account Domain:		-
	Logon ID:		0x3E7

Target Subject:
	Security ID:		NULL SID
	Account Name:		-
	Account Domain:		-
	Logon ID:		0x0

Process Information:
	New Process ID:		0x124
	New Process Name:	C:\Windows\System32\smss.exe
	Token Elevation Type:	%%1936
	Mandatory Label:		Mandatory Label\System Mandatory Level
	Creator Process ID:	0x4
	Creator Process Name:	
	Process Command Line:	

Token Elevation Type indicates the type of token that was assigned to the new process in accordance with User Account Control policy.

Type 1 is a full token with no privileges removed or groups disabled.  A full token is only used if User Account Control is disabled or if the user is the built-in Administrator account or a service account.

Type 2 is an elevated token with no privileges removed or groups disabled.  An elevated token is used when User Account Control is enabled and the user chooses to start the program using Run as administrator.  An elevated token is also used when an application is configured to always require administrative privilege or to always require maximum privilege, and the user is a member of the Administrators group.

Type 3 is a limited token with administrative privileges removed and administrative groups disabled.  The limited token is used when User Account Control is enabled, the application does not require administrative privilege, and the user does not choose to start the program using Run as administrator."
Audit Success,9/28/2025 8:27,Microsoft-Windows-Security-Auditing,4688,Process Creation,"A new process has been created.

Creator Subject:
	Security ID:		SYSTEM
	Account Name:		-
	Account Domain:		-
	Logon ID:		0x3E7

Target Subject:
	Security ID:		NULL SID
	Account Name:		-
	Account Domain:		-
	Logon ID:		0x0

Process Information:
	New Process ID:		0x1c4
	New Process Name:	C:\Windows\System32\smss.exe
	Token Elevation Type:	%%1936
	Mandatory Label:		Mandatory Label\System Mandatory Level
	Creator Process ID:	0x124
	Creator Process Name:	C:\Windows\System32\smss.exe
	Process Command Line:	

Token Elevation Type indicates the type of token that was assigned to the new process in accordance with User Account Control policy.

Type 1 is a full token with no privileges removed or groups disabled.  A full token is only used if User Account Control is disabled or if the user is the built-in Administrator account or a service account.

Type 2 is an elevated token with no privileges removed or groups disabled.  An elevated token is used when User Account Control is enabled and the user chooses to start the program using Run as administrator.  An elevated token is also used when an application is configured to always require administrative privilege or to always require maximum privilege, and the user is a member of the Administrators group.

Type 3 is a limited token with administrative privileges removed and administrative groups disabled.  The limited token is used when User Account Control is enabled, the application does not require administrative privilege, and the user does not choose to start the program using Run as administrator."
Audit Success,9/28/2025 8:27,Microsoft-Windows-Security-Auditing,4688,Process Creation,"A new process has been created.

Creator Subject:
	Security ID:		SYSTEM
	Account Name:		-
	Account Domain:		-
	Logon ID:		0x3E7

Target Subject:
	Security ID:		NULL SID
	Account Name:		-
	Account Domain:		-
	Logon ID:		0x0

Process Information:
	New Process ID:		0x25c
	New Process Name:	C:\Windows\System32\services.exe
	Token Elevation Type:	%%1936
	Mandatory Label:		Mandatory Label\System Mandatory Level
	Creator Process ID:	0x1e4
	Creator Process Name:	C:\Windows\System32\wininit.exe
	Process Command Line:	

Token Elevation Type indicates the type of token that was assigned to the new process in accordance with User Account Control policy.

Type 1 is a full token with no privileges removed or groups disabled.  A full token is only used if User Account Control is disabled or if the user is the built-in Administrator account or a service account.

Type 2 is an elevated token with no privileges removed or groups disabled.  An elevated token is used when User Account Control is enabled and the user chooses to start the program using Run as administrator.  An elevated token is also used when an application is configured to always require administrative privilege or to always require maximum privilege, and the user is a member of the Administrators group.

Type 3 is a limited token with administrative privileges removed and administrative groups disabled.  The limited token is used when User Account Control is enabled, the application does not require administrative privilege, and the user does not choose to start the program using Run as administrator."
Audit Success,9/28/2025 8:27,Microsoft-Windows-Security-Auditing,4688,Process Creation,"A new process has been created.

Creator Subject:
	Security ID:		SYSTEM
	Account Name:		-
	Account Domain:		-
	Logon ID:		0x3E7

Target Subject:
	Security ID:		NULL SID
	Account Name:		-
	Account Domain:		-
	Logon ID:		0x0

Process Information:
	New Process ID:		0x268
	New Process Name:	C:\Windows\System32\lsass.exe
	Token Elevation Type:	%%1936
	Mandatory Label:		Mandatory Label\System Mandatory Level
	Creator Process ID:	0x1e4
	Creator Process Name:	C:\Windows\System32\wininit.exe
	Process Command Line:	

Token Elevation Type indicates the type of token that was assigned to the new process in accordance with User Account Control policy.

Type 1 is a full token with no privileges removed or groups disabled.  A full token is only used if User Account Control is disabled or if the user is the built-in Administrator account or a service account.

Type 2 is an elevated token with no privileges removed or groups disabled.  An elevated token is used when User Account Control is enabled and the user chooses to start the program using Run as administrator.  An elevated token is also used when an application is configured to always require administrative privilege or to always require maximum privilege, and the user is a member of the Administrators group.

Type 3 is a limited token with administrative privileges removed and administrative groups disabled.  The limited token is used when User Account Control is enabled, the application does not require administrative privilege, and the user does not choose to start the program using Run as administrator."
Audit Success,10/19/2025 10:03,Microsoft-Windows-Security-Auditing,4688,Process Creation,"A new process has been created.

Creator Subject:
	Security ID:		SYSTEM
	Account Name:		-
	Account Domain:		-
	Logon ID:		0x3E7

Target Subject:
	Security ID:		NULL SID
	Account Name:		-
	Account Domain:		-
	Logon ID:		0x0

Process Information:
	New Process ID:		0x58
	New Process Name:	Registry
	Token Elevation Type:	%%1936
	Mandatory Label:		Mandatory Label\System Mandatory Level
	Creator Process ID:	0x4
	Creator Process Name:	
	Process Command Line:	

Token Elevation Type indicates the type of token that was assigned to the new process in accordance with User Account Control policy.

Type 1 is a full token with no privileges removed or groups disabled.  A full token is only used if User Account Control is disabled or if the user is the built-in Administrator account or a service account.

Type 2 is an elevated token with no privileges removed or groups disabled.  An elevated token is used when User Account Control is enabled and the user chooses to start the program using Run as administrator.  An elevated token is also used when an application is configured to always require administrative privilege or to always require maximum privilege, and the user is a member of the Administrators group.

Type 3 is a limited token with administrative privileges removed and administrative groups disabled.  The limited token is used when User Account Control is enabled, the application does not require administrative privilege, and the user does not choose to start the program using Run as administrator."
Audit Success,9/28/2025 8:27,Microsoft-Windows-Security-Auditing,4688,Process Creation,"A new process has been created.

Creator Subject:
	Security ID:		SYSTEM
	Account Name:		-
	Account Domain:		-
	Logon ID:		0x3E7

Target Subject:
	Security ID:		NULL SID
	Account Name:		-
	Account Domain:		-
	Logon ID:		0x0

Process Information:
	New Process ID:		0x1cc
	New Process Name:	C:\Windows\System32\csrss.exe
	Token Elevation Type:	%%1936
	Mandatory Label:		Mandatory Label\System Mandatory Level
	Creator Process ID:	0x1c4
	Creator Process Name:	C:\Windows\System32\smss.exe
	Process Command Line:	

Token Elevation Type indicates the type of token that was assigned to the new process in accordance with User Account Control policy.

Type 1 is a full token with no privileges removed or groups disabled.  A full token is only used if User Account Control is disabled or if the user is the built-in Administrator account or a service account.

Type 2 is an elevated token with no privileges removed or groups disabled.  An elevated token is used when User Account Control is enabled and the user chooses to start the program using Run as administrator.  An elevated token is also used when an application is configured to always require administrative privilege or to always require maximum privilege, and the user is a member of the Administrators group.

Type 3 is a limited token with administrative privileges removed and administrative groups disabled.  The limited token is used when User Account Control is enabled, the application does not require administrative privilege, and the user does not choose to start the program using Run as administrator."
Audit Success,9/28/2025 8:27,Microsoft-Windows-Security-Auditing,4688,Process Creation,"A new process has been created.

Creator Subject:
	Security ID:		SYSTEM
	Account Name:		-
	Account Domain:		-
	Logon ID:		0x3E7

Target Subject:
	Security ID:		NULL SID
	Account Name:		-
	Account Domain:		-
	Logon ID:		0x0

Process Information:
	New Process ID:		0x1e4
	New Process Name:	C:\Windows\System32\wininit.exe
	Token Elevation Type:	%%1936
	Mandatory Label:		Mandatory Label\System Mandatory Level
	Creator Process ID:	0x178
	Creator Process Name:	C:\Windows\System32\smss.exe
	Process Command Line:	

Token Elevation Type indicates the type of token that was assigned to the new process in accordance with User Account Control policy.

Type 1 is a full token with no privileges removed or groups disabled.  A full token is only used if User Account Control is disabled or if the user is the built-in Administrator account or a service account.

Type 2 is an elevated token with no privileges removed or groups disabled.  An elevated token is used when User Account Control is enabled and the user chooses to start the program using Run as administrator.  An elevated token is also used when an application is configured to always require administrative privilege or to always require maximum privilege, and the user is a member of the Administrators group.

Type 3 is a limited token with administrative privileges removed and administrative groups disabled.  The limited token is used when User Account Control is enabled, the application does not require administrative privilege, and the user does not choose to start the program using Run as administrator."
Audit Success,9/28/2025 8:27,Microsoft-Windows-Security-Auditing,4688,Process Creation,"A new process has been created.

Creator Subject:
	Security ID:		SYSTEM
	Account Name:		-
	Account Domain:		-
	Logon ID:		0x3E7

Target Subject:
	Security ID:		NULL SID
	Account Name:		-
	Account Domain:		-
	Logon ID:		0x0

Process Information:
	New Process ID:		0x214
	New Process Name:	C:\Windows\System32\winlogon.exe
	Token Elevation Type:	%%1936
	Mandatory Label:		Mandatory Label\System Mandatory Level
	Creator Process ID:	0x1c4
	Creator Process Name:	C:\Windows\System32\smss.exe
	Process Command Line:	

Token Elevation Type indicates the type of token that was assigned to the new process in accordance with User Account Control policy.

Type 1 is a full token with no privileges removed or groups disabled.  A full token is only used if User Account Control is disabled or if the user is the built-in Administrator account or a service account.

Type 2 is an elevated token with no privileges removed or groups disabled.  An elevated token is used when User Account Control is enabled and the user chooses to start the program using Run as administrator.  An elevated token is also used when an application is configured to always require administrative privilege or to always require maximum privilege, and the user is a member of the Administrators group.

Type 3 is a limited token with administrative privileges removed and administrative groups disabled.  The limited token is used when User Account Control is enabled, the application does not require administrative privilege, and the user does not choose to start the program using Run as administrator."
Audit Success,10/25/2025 1:58,Microsoft-Windows-Security-Auditing,4688,Process Creation,"A new process has been created.

Creator Subject:
	Security ID:		SYSTEM
	Account Name:		-
	Account Domain:		-
	Logon ID:		0x3E7

Target Subject:
	Security ID:		NULL SID
	Account Name:		-
	Account Domain:		-
	Logon ID:		0x0

Process Information:
	New Process ID:		0x268
	New Process Name:	C:\Windows\System32\lsass.exe
	Token Elevation Type:	%%1936
	Mandatory Label:		Mandatory Label\System Mandatory Level
	Creator Process ID:	0x1e4
	Creator Process Name:	C:\Windows\System32\wininit.exe
	Process Command Line:	

Token Elevation Type indicates the type of token that was assigned to the new process in accordance with User Account Control policy.

Type 1 is a full token with no privileges removed or groups disabled.  A full token is only used if User Account Control is disabled or if the user is the built-in Administrator account or a service account.

Type 2 is an elevated token with no privileges removed or groups disabled.  An elevated token is used when User Account Control is enabled and the user chooses to start the program using Run as administrator.  An elevated token is also used when an application is configured to always require administrative privilege or to always require maximum privilege, and the user is a member of the Administrators group.

Type 3 is a limited token with administrative privileges removed and administrative groups disabled.  The limited token is used when User Account Control is enabled, the application does not require administrative privilege, and the user does not choose to start the program using Run as administrator."
Audit Success,11/3/2025 8:50,Microsoft-Windows-Security-Auditing,4688,Process Creation,"A new process has been created.

Creator Subject:
	Security ID:		SYSTEM
	Account Name:		-
	Account Domain:		-
	Logon ID:		0x3E7

Target Subject:
	Security ID:		NULL SID
	Account Name:		-
	Account Domain:		-
	Logon ID:		0x0

Process Information:
	New Process ID:		0x58
	New Process Name:	Registry
	Token Elevation Type:	%%1936
	Mandatory Label:		Mandatory Label\System Mandatory Level
	Creator Process ID:	0x4
	Creator Process Name:	
	Process Command Line:	

Token Elevation Type indicates the type of token that was assigned to the new process in accordance with User Account Control policy.

Type 1 is a full token with no privileges removed or groups disabled.  A full token is only used if User Account Control is disabled or if the user is the built-in Administrator account or a service account.

Type 2 is an elevated token with no privileges removed or groups disabled.  An elevated token is used when User Account Control is enabled and the user chooses to start the program using Run as administrator.  An elevated token is also used when an application is configured to always require administrative privilege or to always require maximum privilege, and the user is a member of the Administrators group.

Type 3 is a limited token with administrative privileges removed and administrative groups disabled.  The limited token is used when User Account Control is enabled, the application does not require administrative privilege, and the user does not choose to start the program using Run as administrator."
Audit Success,11/3/2025 8:50,Microsoft-Windows-Security-Auditing,4688,Process Creation,"A new process has been created.

Creator Subject:
	Security ID:		SYSTEM
	Account Name:		-
	Account Domain:		-
	Logon ID:		0x3E7

Target Subject:
	Security ID:		NULL SID
	Account Name:		-
	Account Domain:		-
	Logon ID:		0x0

Process Information:
	New Process ID:		0x12c
	New Process Name:	C:\Windows\System32\smss.exe
	Token Elevation Type:	%%1936
	Mandatory Label:		Mandatory Label\System Mandatory Level
	Creator Process ID:	0x4
	Creator Process Name:	
	Process Command Line:	

Token Elevation Type indicates the type of token that was assigned to the new process in accordance with User Account Control policy.

Type 1 is a full token with no privileges removed or groups disabled.  A full token is only used if User Account Control is disabled or if the user is the built-in Administrator account or a service account.

Type 2 is an elevated token with no privileges removed or groups disabled.  An elevated token is used when User Account Control is enabled and the user chooses to start the program using Run as administrator.  An elevated token is also used when an application is configured to always require administrative privilege or to always require maximum privilege, and the user is a member of the Administrators group.

Type 3 is a limited token with administrative privileges removed and administrative groups disabled.  The limited token is used when User Account Control is enabled, the application does not require administrative privilege, and the user does not choose to start the program using Run as administrator."
Audit Success,10/25/2025 1:58,Microsoft-Windows-Security-Auditing,4688,Process Creation,"A new process has been created.

Creator Subject:
	Security ID:		SYSTEM
	Account Name:		-
	Account Domain:		-
	Logon ID:		0x3E7

Target Subject:
	Security ID:		NULL SID
	Account Name:		-
	Account Domain:		-
	Logon ID:		0x0

Process Information:
	New Process ID:		0x1e4
	New Process Name:	C:\Windows\System32\wininit.exe
	Token Elevation Type:	%%1936
	Mandatory Label:		Mandatory Label\System Mandatory Level
	Creator Process ID:	0x17c
	Creator Process Name:	C:\Windows\System32\smss.exe
	Process Command Line:	

Token Elevation Type indicates the type of token that was assigned to the new process in accordance with User Account Control policy.

Type 1 is a full token with no privileges removed or groups disabled.  A full token is only used if User Account Control is disabled or if the user is the built-in Administrator account or a service account.

Type 2 is an elevated token with no privileges removed or groups disabled.  An elevated token is used when User Account Control is enabled and the user chooses to start the program using Run as administrator.  An elevated token is also used when an application is configured to always require administrative privilege or to always require maximum privilege, and the user is a member of the Administrators group.

Type 3 is a limited token with administrative privileges removed and administrative groups disabled.  The limited token is used when User Account Control is enabled, the application does not require administrative privilege, and the user does not choose to start the program using Run as administrator."
Audit Success,10/25/2025 1:58,Microsoft-Windows-Security-Auditing,4688,Process Creation,"A new process has been created.

Creator Subject:
	Security ID:		SYSTEM
	Account Name:		-
	Account Domain:		-
	Logon ID:		0x3E7

Target Subject:
	Security ID:		NULL SID
	Account Name:		-
	Account Domain:		-
	Logon ID:		0x0

Process Information:
	New Process ID:		0x208
	New Process Name:	C:\Windows\System32\winlogon.exe
	Token Elevation Type:	%%1936
	Mandatory Label:		Mandatory Label\System Mandatory Level
	Creator Process ID:	0x1c8
	Creator Process Name:	C:\Windows\System32\smss.exe
	Process Command Line:	

Token Elevation Type indicates the type of token that was assigned to the new process in accordance with User Account Control policy.

Type 1 is a full token with no privileges removed or groups disabled.  A full token is only used if User Account Control is disabled or if the user is the built-in Administrator account or a service account.

Type 2 is an elevated token with no privileges removed or groups disabled.  An elevated token is used when User Account Control is enabled and the user chooses to start the program using Run as administrator.  An elevated token is also used when an application is configured to always require administrative privilege or to always require maximum privilege, and the user is a member of the Administrators group.

Type 3 is a limited token with administrative privileges removed and administrative groups disabled.  The limited token is used when User Account Control is enabled, the application does not require administrative privilege, and the user does not choose to start the program using Run as administrator."
Audit Success,10/25/2025 1:58,Microsoft-Windows-Security-Auditing,4688,Process Creation,"A new process has been created.

Creator Subject:
	Security ID:		SYSTEM
	Account Name:		-
	Account Domain:		-
	Logon ID:		0x3E7

Target Subject:
	Security ID:		NULL SID
	Account Name:		-
	Account Domain:		-
	Logon ID:		0x0

Process Information:
	New Process ID:		0x254
	New Process Name:	C:\Windows\System32\services.exe
	Token Elevation Type:	%%1936
	Mandatory Label:		Mandatory Label\System Mandatory Level
	Creator Process ID:	0x1e4
	Creator Process Name:	C:\Windows\System32\wininit.exe
	Process Command Line:	

Token Elevation Type indicates the type of token that was assigned to the new process in accordance with User Account Control policy.

Type 1 is a full token with no privileges removed or groups disabled.  A full token is only used if User Account Control is disabled or if the user is the built-in Administrator account or a service account.

Type 2 is an elevated token with no privileges removed or groups disabled.  An elevated token is used when User Account Control is enabled and the user chooses to start the program using Run as administrator.  An elevated token is also used when an application is configured to always require administrative privilege or to always require maximum privilege, and the user is a member of the Administrators group.

Type 3 is a limited token with administrative privileges removed and administrative groups disabled.  The limited token is used when User Account Control is enabled, the application does not require administrative privilege, and the user does not choose to start the program using Run as administrator."
Audit Success,11/3/2025 8:50,Microsoft-Windows-Security-Auditing,4688,Process Creation,"A new process has been created.

Creator Subject:
	Security ID:		SYSTEM
	Account Name:		-
	Account Domain:		-
	Logon ID:		0x3E7

Target Subject:
	Security ID:		NULL SID
	Account Name:		-
	Account Domain:		-
	Logon ID:		0x0

Process Information:
	New Process ID:		0x148
	New Process Name:	C:\Windows\System32\autochk.exe
	Token Elevation Type:	%%1936
	Mandatory Label:		Mandatory Label\System Mandatory Level
	Creator Process ID:	0x12c
	Creator Process Name:	C:\Windows\System32\smss.exe
	Process Command Line:	

Token Elevation Type indicates the type of token that was assigned to the new process in accordance with User Account Control policy.

Type 1 is a full token with no privileges removed or groups disabled.  A full token is only used if User Account Control is disabled or if the user is the built-in Administrator account or a service account.

Type 2 is an elevated token with no privileges removed or groups disabled.  An elevated token is used when User Account Control is enabled and the user chooses to start the program using Run as administrator.  An elevated token is also used when an application is configured to always require administrative privilege or to always require maximum privilege, and the user is a member of the Administrators group.

Type 3 is a limited token with administrative privileges removed and administrative groups disabled.  The limited token is used when User Account Control is enabled, the application does not require administrative privilege, and the user does not choose to start the program using Run as administrator."
Audit Success,11/3/2025 8:50,Microsoft-Windows-Security-Auditing,4688,Process Creation,"A new process has been created.

Creator Subject:
	Security ID:		SYSTEM
	Account Name:		-
	Account Domain:		-
	Logon ID:		0x3E7

Target Subject:
	Security ID:		NULL SID
	Account Name:		-
	Account Domain:		-
	Logon ID:		0x0

Process Information:
	New Process ID:		0x1d8
	New Process Name:	C:\Windows\System32\csrss.exe
	Token Elevation Type:	%%1936
	Mandatory Label:		Mandatory Label\System Mandatory Level
	Creator Process ID:	0x1d0
	Creator Process Name:	C:\Windows\System32\smss.exe
	Process Command Line:	

Token Elevation Type indicates the type of token that was assigned to the new process in accordance with User Account Control policy.

Type 1 is a full token with no privileges removed or groups disabled.  A full token is only used if User Account Control is disabled or if the user is the built-in Administrator account or a service account.

Type 2 is an elevated token with no privileges removed or groups disabled.  An elevated token is used when User Account Control is enabled and the user chooses to start the program using Run as administrator.  An elevated token is also used when an application is configured to always require administrative privilege or to always require maximum privilege, and the user is a member of the Administrators group.

Type 3 is a limited token with administrative privileges removed and administrative groups disabled.  The limited token is used when User Account Control is enabled, the application does not require administrative privilege, and the user does not choose to start the program using Run as administrator."
Audit Success,11/3/2025 8:50,Microsoft-Windows-Security-Auditing,4688,Process Creation,"A new process has been created.

Creator Subject:
	Security ID:		SYSTEM
	Account Name:		-
	Account Domain:		-
	Logon ID:		0x3E7

Target Subject:
	Security ID:		NULL SID
	Account Name:		-
	Account Domain:		-
	Logon ID:		0x0

Process Information:
	New Process ID:		0x1ec
	New Process Name:	C:\Windows\System32\wininit.exe
	Token Elevation Type:	%%1936
	Mandatory Label:		Mandatory Label\System Mandatory Level
	Creator Process ID:	0x184
	Creator Process Name:	C:\Windows\System32\smss.exe
	Process Command Line:	

Token Elevation Type indicates the type of token that was assigned to the new process in accordance with User Account Control policy.

Type 1 is a full token with no privileges removed or groups disabled.  A full token is only used if User Account Control is disabled or if the user is the built-in Administrator account or a service account.

Type 2 is an elevated token with no privileges removed or groups disabled.  An elevated token is used when User Account Control is enabled and the user chooses to start the program using Run as administrator.  An elevated token is also used when an application is configured to always require administrative privilege or to always require maximum privilege, and the user is a member of the Administrators group.

Type 3 is a limited token with administrative privileges removed and administrative groups disabled.  The limited token is used when User Account Control is enabled, the application does not require administrative privilege, and the user does not choose to start the program using Run as administrator."
Audit Success,11/3/2025 8:50,Microsoft-Windows-Security-Auditing,4688,Process Creation,"A new process has been created.

Creator Subject:
	Security ID:		SYSTEM
	Account Name:		-
	Account Domain:		-
	Logon ID:		0x3E7

Target Subject:
	Security ID:		NULL SID
	Account Name:		-
	Account Domain:		-
	Logon ID:		0x0

Process Information:
	New Process ID:		0x210
	New Process Name:	C:\Windows\System32\winlogon.exe
	Token Elevation Type:	%%1936
	Mandatory Label:		Mandatory Label\System Mandatory Level
	Creator Process ID:	0x1d0
	Creator Process Name:	C:\Windows\System32\smss.exe
	Process Command Line:	

Token Elevation Type indicates the type of token that was assigned to the new process in accordance with User Account Control policy.

Type 1 is a full token with no privileges removed or groups disabled.  A full token is only used if User Account Control is disabled or if the user is the built-in Administrator account or a service account.

Type 2 is an elevated token with no privileges removed or groups disabled.  An elevated token is used when User Account Control is enabled and the user chooses to start the program using Run as administrator.  An elevated token is also used when an application is configured to always require administrative privilege or to always require maximum privilege, and the user is a member of the Administrators group.

Type 3 is a limited token with administrative privileges removed and administrative groups disabled.  The limited token is used when User Account Control is enabled, the application does not require administrative privilege, and the user does not choose to start the program using Run as administrator."
Audit Success,11/3/2025 8:50,Microsoft-Windows-Security-Auditing,4688,Process Creation,"A new process has been created.

Creator Subject:
	Security ID:		SYSTEM
	Account Name:		-
	Account Domain:		-
	Logon ID:		0x3E7

Target Subject:
	Security ID:		NULL SID
	Account Name:		-
	Account Domain:		-
	Logon ID:		0x0

Process Information:
	New Process ID:		0x184
	New Process Name:	C:\Windows\System32\smss.exe
	Token Elevation Type:	%%1936
	Mandatory Label:		Mandatory Label\System Mandatory Level
	Creator Process ID:	0x12c
	Creator Process Name:	C:\Windows\System32\smss.exe
	Process Command Line:	

Token Elevation Type indicates the type of token that was assigned to the new process in accordance with User Account Control policy.

Type 1 is a full token with no privileges removed or groups disabled.  A full token is only used if User Account Control is disabled or if the user is the built-in Administrator account or a service account.

Type 2 is an elevated token with no privileges removed or groups disabled.  An elevated token is used when User Account Control is enabled and the user chooses to start the program using Run as administrator.  An elevated token is also used when an application is configured to always require administrative privilege or to always require maximum privilege, and the user is a member of the Administrators group.

Type 3 is a limited token with administrative privileges removed and administrative groups disabled.  The limited token is used when User Account Control is enabled, the application does not require administrative privilege, and the user does not choose to start the program using Run as administrator."
Audit Success,11/3/2025 8:50,Microsoft-Windows-Security-Auditing,4688,Process Creation,"A new process has been created.

Creator Subject:
	Security ID:		SYSTEM
	Account Name:		-
	Account Domain:		-
	Logon ID:		0x3E7

Target Subject:
	Security ID:		NULL SID
	Account Name:		-
	Account Domain:		-
	Logon ID:		0x0

Process Information:
	New Process ID:		0x18c
	New Process Name:	C:\Windows\System32\csrss.exe
	Token Elevation Type:	%%1936
	Mandatory Label:		Mandatory Label\System Mandatory Level
	Creator Process ID:	0x184
	Creator Process Name:	C:\Windows\System32\smss.exe
	Process Command Line:	

Token Elevation Type indicates the type of token that was assigned to the new process in accordance with User Account Control policy.

Type 1 is a full token with no privileges removed or groups disabled.  A full token is only used if User Account Control is disabled or if the user is the built-in Administrator account or a service account.

Type 2 is an elevated token with no privileges removed or groups disabled.  An elevated token is used when User Account Control is enabled and the user chooses to start the program using Run as administrator.  An elevated token is also used when an application is configured to always require administrative privilege or to always require maximum privilege, and the user is a member of the Administrators group.

Type 3 is a limited token with administrative privileges removed and administrative groups disabled.  The limited token is used when User Account Control is enabled, the application does not require administrative privilege, and the user does not choose to start the program using Run as administrator."
Audit Success,11/3/2025 8:50,Microsoft-Windows-Security-Auditing,4688,Process Creation,"A new process has been created.

Creator Subject:
	Security ID:		SYSTEM
	Account Name:		-
	Account Domain:		-
	Logon ID:		0x3E7

Target Subject:
	Security ID:		NULL SID
	Account Name:		-
	Account Domain:		-
	Logon ID:		0x0

Process Information:
	New Process ID:		0x1d0
	New Process Name:	C:\Windows\System32\smss.exe
	Token Elevation Type:	%%1936
	Mandatory Label:		Mandatory Label\System Mandatory Level
	Creator Process ID:	0x12c
	Creator Process Name:	C:\Windows\System32\smss.exe
	Process Command Line:	

Token Elevation Type indicates the type of token that was assigned to the new process in accordance with User Account Control policy.

Type 1 is a full token with no privileges removed or groups disabled.  A full token is only used if User Account Control is disabled or if the user is the built-in Administrator account or a service account.

Type 2 is an elevated token with no privileges removed or groups disabled.  An elevated token is used when User Account Control is enabled and the user chooses to start the program using Run as administrator.  An elevated token is also used when an application is configured to always require administrative privilege or to always require maximum privilege, and the user is a member of the Administrators group.

Type 3 is a limited token with administrative privileges removed and administrative groups disabled.  The limited token is used when User Account Control is enabled, the application does not require administrative privilege, and the user does not choose to start the program using Run as administrator."
Audit Success,10/25/2025 1:58,Microsoft-Windows-Security-Auditing,4688,Process Creation,"A new process has been created.

Creator Subject:
	Security ID:		SYSTEM
	Account Name:		-
	Account Domain:		-
	Logon ID:		0x3E7

Target Subject:
	Security ID:		NULL SID
	Account Name:		-
	Account Domain:		-
	Logon ID:		0x0

Process Information:
	New Process ID:		0x1d0
	New Process Name:	C:\Windows\System32\csrss.exe
	Token Elevation Type:	%%1936
	Mandatory Label:		Mandatory Label\System Mandatory Level
	Creator Process ID:	0x1c8
	Creator Process Name:	C:\Windows\System32\smss.exe
	Process Command Line:	

Token Elevation Type indicates the type of token that was assigned to the new process in accordance with User Account Control policy.

Type 1 is a full token with no privileges removed or groups disabled.  A full token is only used if User Account Control is disabled or if the user is the built-in Administrator account or a service account.

Type 2 is an elevated token with no privileges removed or groups disabled.  An elevated token is used when User Account Control is enabled and the user chooses to start the program using Run as administrator.  An elevated token is also used when an application is configured to always require administrative privilege or to always require maximum privilege, and the user is a member of the Administrators group.

Type 3 is a limited token with administrative privileges removed and administrative groups disabled.  The limited token is used when User Account Control is enabled, the application does not require administrative privilege, and the user does not choose to start the program using Run as administrator."
Audit Success,10/24/2025 11:11,Microsoft-Windows-Security-Auditing,4688,Process Creation,"A new process has been created.

Creator Subject:
	Security ID:		SYSTEM
	Account Name:		-
	Account Domain:		-
	Logon ID:		0x3E7

Target Subject:
	Security ID:		NULL SID
	Account Name:		-
	Account Domain:		-
	Logon ID:		0x0

Process Information:
	New Process ID:		0x1e0
	New Process Name:	C:\Windows\System32\wininit.exe
	Token Elevation Type:	%%1936
	Mandatory Label:		Mandatory Label\System Mandatory Level
	Creator Process ID:	0x178
	Creator Process Name:	C:\Windows\System32\smss.exe
	Process Command Line:	

Token Elevation Type indicates the type of token that was assigned to the new process in accordance with User Account Control policy.

Type 1 is a full token with no privileges removed or groups disabled.  A full token is only used if User Account Control is disabled or if the user is the built-in Administrator account or a service account.

Type 2 is an elevated token with no privileges removed or groups disabled.  An elevated token is used when User Account Control is enabled and the user chooses to start the program using Run as administrator.  An elevated token is also used when an application is configured to always require administrative privilege or to always require maximum privilege, and the user is a member of the Administrators group.

Type 3 is a limited token with administrative privileges removed and administrative groups disabled.  The limited token is used when User Account Control is enabled, the application does not require administrative privilege, and the user does not choose to start the program using Run as administrator."
Audit Success,10/24/2025 11:11,Microsoft-Windows-Security-Auditing,4688,Process Creation,"A new process has been created.

Creator Subject:
	Security ID:		SYSTEM
	Account Name:		-
	Account Domain:		-
	Logon ID:		0x3E7

Target Subject:
	Security ID:		NULL SID
	Account Name:		-
	Account Domain:		-
	Logon ID:		0x0

Process Information:
	New Process ID:		0x204
	New Process Name:	C:\Windows\System32\winlogon.exe
	Token Elevation Type:	%%1936
	Mandatory Label:		Mandatory Label\System Mandatory Level
	Creator Process ID:	0x1c4
	Creator Process Name:	C:\Windows\System32\smss.exe
	Process Command Line:	

Token Elevation Type indicates the type of token that was assigned to the new process in accordance with User Account Control policy.

Type 1 is a full token with no privileges removed or groups disabled.  A full token is only used if User Account Control is disabled or if the user is the built-in Administrator account or a service account.

Type 2 is an elevated token with no privileges removed or groups disabled.  An elevated token is used when User Account Control is enabled and the user chooses to start the program using Run as administrator.  An elevated token is also used when an application is configured to always require administrative privilege or to always require maximum privilege, and the user is a member of the Administrators group.

Type 3 is a limited token with administrative privileges removed and administrative groups disabled.  The limited token is used when User Account Control is enabled, the application does not require administrative privilege, and the user does not choose to start the program using Run as administrator."
Audit Success,10/24/2025 11:11,Microsoft-Windows-Security-Auditing,4688,Process Creation,"A new process has been created.

Creator Subject:
	Security ID:		SYSTEM
	Account Name:		-
	Account Domain:		-
	Logon ID:		0x3E7

Target Subject:
	Security ID:		NULL SID
	Account Name:		-
	Account Domain:		-
	Logon ID:		0x0

Process Information:
	New Process ID:		0x250
	New Process Name:	C:\Windows\System32\services.exe
	Token Elevation Type:	%%1936
	Mandatory Label:		Mandatory Label\System Mandatory Level
	Creator Process ID:	0x1e0
	Creator Process Name:	C:\Windows\System32\wininit.exe
	Process Command Line:	

Token Elevation Type indicates the type of token that was assigned to the new process in accordance with User Account Control policy.

Type 1 is a full token with no privileges removed or groups disabled.  A full token is only used if User Account Control is disabled or if the user is the built-in Administrator account or a service account.

Type 2 is an elevated token with no privileges removed or groups disabled.  An elevated token is used when User Account Control is enabled and the user chooses to start the program using Run as administrator.  An elevated token is also used when an application is configured to always require administrative privilege or to always require maximum privilege, and the user is a member of the Administrators group.

Type 3 is a limited token with administrative privileges removed and administrative groups disabled.  The limited token is used when User Account Control is enabled, the application does not require administrative privilege, and the user does not choose to start the program using Run as administrator."
Audit Success,10/24/2025 11:11,Microsoft-Windows-Security-Auditing,4688,Process Creation,"A new process has been created.

Creator Subject:
	Security ID:		SYSTEM
	Account Name:		-
	Account Domain:		-
	Logon ID:		0x3E7

Target Subject:
	Security ID:		NULL SID
	Account Name:		-
	Account Domain:		-
	Logon ID:		0x0

Process Information:
	New Process ID:		0x180
	New Process Name:	C:\Windows\System32\csrss.exe
	Token Elevation Type:	%%1936
	Mandatory Label:		Mandatory Label\System Mandatory Level
	Creator Process ID:	0x178
	Creator Process Name:	C:\Windows\System32\smss.exe
	Process Command Line:	

Token Elevation Type indicates the type of token that was assigned to the new process in accordance with User Account Control policy.

Type 1 is a full token with no privileges removed or groups disabled.  A full token is only used if User Account Control is disabled or if the user is the built-in Administrator account or a service account.

Type 2 is an elevated token with no privileges removed or groups disabled.  An elevated token is used when User Account Control is enabled and the user chooses to start the program using Run as administrator.  An elevated token is also used when an application is configured to always require administrative privilege or to always require maximum privilege, and the user is a member of the Administrators group.

Type 3 is a limited token with administrative privileges removed and administrative groups disabled.  The limited token is used when User Account Control is enabled, the application does not require administrative privilege, and the user does not choose to start the program using Run as administrator."
Audit Success,10/24/2025 11:11,Microsoft-Windows-Security-Auditing,4688,Process Creation,"A new process has been created.

Creator Subject:
	Security ID:		SYSTEM
	Account Name:		-
	Account Domain:		-
	Logon ID:		0x3E7

Target Subject:
	Security ID:		NULL SID
	Account Name:		-
	Account Domain:		-
	Logon ID:		0x0

Process Information:
	New Process ID:		0x1c4
	New Process Name:	C:\Windows\System32\smss.exe
	Token Elevation Type:	%%1936
	Mandatory Label:		Mandatory Label\System Mandatory Level
	Creator Process ID:	0x124
	Creator Process Name:	C:\Windows\System32\smss.exe
	Process Command Line:	

Token Elevation Type indicates the type of token that was assigned to the new process in accordance with User Account Control policy.

Type 1 is a full token with no privileges removed or groups disabled.  A full token is only used if User Account Control is disabled or if the user is the built-in Administrator account or a service account.

Type 2 is an elevated token with no privileges removed or groups disabled.  An elevated token is used when User Account Control is enabled and the user chooses to start the program using Run as administrator.  An elevated token is also used when an application is configured to always require administrative privilege or to always require maximum privilege, and the user is a member of the Administrators group.

Type 3 is a limited token with administrative privileges removed and administrative groups disabled.  The limited token is used when User Account Control is enabled, the application does not require administrative privilege, and the user does not choose to start the program using Run as administrator."
Audit Success,10/24/2025 11:11,Microsoft-Windows-Security-Auditing,4688,Process Creation,"A new process has been created.

Creator Subject:
	Security ID:		SYSTEM
	Account Name:		-
	Account Domain:		-
	Logon ID:		0x3E7

Target Subject:
	Security ID:		NULL SID
	Account Name:		-
	Account Domain:		-
	Logon ID:		0x0

Process Information:
	New Process ID:		0x1cc
	New Process Name:	C:\Windows\System32\csrss.exe
	Token Elevation Type:	%%1936
	Mandatory Label:		Mandatory Label\System Mandatory Level
	Creator Process ID:	0x1c4
	Creator Process Name:	C:\Windows\System32\smss.exe
	Process Command Line:	

Token Elevation Type indicates the type of token that was assigned to the new process in accordance with User Account Control policy.

Type 1 is a full token with no privileges removed or groups disabled.  A full token is only used if User Account Control is disabled or if the user is the built-in Administrator account or a service account.

Type 2 is an elevated token with no privileges removed or groups disabled.  An elevated token is used when User Account Control is enabled and the user chooses to start the program using Run as administrator.  An elevated token is also used when an application is configured to always require administrative privilege or to always require maximum privilege, and the user is a member of the Administrators group.

Type 3 is a limited token with administrative privileges removed and administrative groups disabled.  The limited token is used when User Account Control is enabled, the application does not require administrative privilege, and the user does not choose to start the program using Run as administrator."
Audit Success,10/24/2025 11:11,Microsoft-Windows-Security-Auditing,4688,Process Creation,"A new process has been created.

Creator Subject:
	Security ID:		SYSTEM
	Account Name:		-
	Account Domain:		-
	Logon ID:		0x3E7

Target Subject:
	Security ID:		NULL SID
	Account Name:		-
	Account Domain:		-
	Logon ID:		0x0

Process Information:
	New Process ID:		0x264
	New Process Name:	C:\Windows\System32\lsass.exe
	Token Elevation Type:	%%1936
	Mandatory Label:		Mandatory Label\System Mandatory Level
	Creator Process ID:	0x1e0
	Creator Process Name:	C:\Windows\System32\wininit.exe
	Process Command Line:	

Token Elevation Type indicates the type of token that was assigned to the new process in accordance with User Account Control policy.

Type 1 is a full token with no privileges removed or groups disabled.  A full token is only used if User Account Control is disabled or if the user is the built-in Administrator account or a service account.

Type 2 is an elevated token with no privileges removed or groups disabled.  An elevated token is used when User Account Control is enabled and the user chooses to start the program using Run as administrator.  An elevated token is also used when an application is configured to always require administrative privilege or to always require maximum privilege, and the user is a member of the Administrators group.

Type 3 is a limited token with administrative privileges removed and administrative groups disabled.  The limited token is used when User Account Control is enabled, the application does not require administrative privilege, and the user does not choose to start the program using Run as administrator."
Audit Success,10/25/2025 1:58,Microsoft-Windows-Security-Auditing,4688,Process Creation,"A new process has been created.

Creator Subject:
	Security ID:		SYSTEM
	Account Name:		-
	Account Domain:		-
	Logon ID:		0x3E7

Target Subject:
	Security ID:		NULL SID
	Account Name:		-
	Account Domain:		-
	Logon ID:		0x0

Process Information:
	New Process ID:		0x17c
	New Process Name:	C:\Windows\System32\smss.exe
	Token Elevation Type:	%%1936
	Mandatory Label:		Mandatory Label\System Mandatory Level
	Creator Process ID:	0x128
	Creator Process Name:	C:\Windows\System32\smss.exe
	Process Command Line:	

Token Elevation Type indicates the type of token that was assigned to the new process in accordance with User Account Control policy.

Type 1 is a full token with no privileges removed or groups disabled.  A full token is only used if User Account Control is disabled or if the user is the built-in Administrator account or a service account.

Type 2 is an elevated token with no privileges removed or groups disabled.  An elevated token is used when User Account Control is enabled and the user chooses to start the program using Run as administrator.  An elevated token is also used when an application is configured to always require administrative privilege or to always require maximum privilege, and the user is a member of the Administrators group.

Type 3 is a limited token with administrative privileges removed and administrative groups disabled.  The limited token is used when User Account Control is enabled, the application does not require administrative privilege, and the user does not choose to start the program using Run as administrator."
Audit Success,10/25/2025 1:58,Microsoft-Windows-Security-Auditing,4688,Process Creation,"A new process has been created.

Creator Subject:
	Security ID:		SYSTEM
	Account Name:		-
	Account Domain:		-
	Logon ID:		0x3E7

Target Subject:
	Security ID:		NULL SID
	Account Name:		-
	Account Domain:		-
	Logon ID:		0x0

Process Information:
	New Process ID:		0x184
	New Process Name:	C:\Windows\System32\csrss.exe
	Token Elevation Type:	%%1936
	Mandatory Label:		Mandatory Label\System Mandatory Level
	Creator Process ID:	0x17c
	Creator Process Name:	C:\Windows\System32\smss.exe
	Process Command Line:	

Token Elevation Type indicates the type of token that was assigned to the new process in accordance with User Account Control policy.

Type 1 is a full token with no privileges removed or groups disabled.  A full token is only used if User Account Control is disabled or if the user is the built-in Administrator account or a service account.

Type 2 is an elevated token with no privileges removed or groups disabled.  An elevated token is used when User Account Control is enabled and the user chooses to start the program using Run as administrator.  An elevated token is also used when an application is configured to always require administrative privilege or to always require maximum privilege, and the user is a member of the Administrators group.

Type 3 is a limited token with administrative privileges removed and administrative groups disabled.  The limited token is used when User Account Control is enabled, the application does not require administrative privilege, and the user does not choose to start the program using Run as administrator."
Audit Success,10/25/2025 1:58,Microsoft-Windows-Security-Auditing,4688,Process Creation,"A new process has been created.

Creator Subject:
	Security ID:		SYSTEM
	Account Name:		-
	Account Domain:		-
	Logon ID:		0x3E7

Target Subject:
	Security ID:		NULL SID
	Account Name:		-
	Account Domain:		-
	Logon ID:		0x0

Process Information:
	New Process ID:		0x1c8
	New Process Name:	C:\Windows\System32\smss.exe
	Token Elevation Type:	%%1936
	Mandatory Label:		Mandatory Label\System Mandatory Level
	Creator Process ID:	0x128
	Creator Process Name:	C:\Windows\System32\smss.exe
	Process Command Line:	

Token Elevation Type indicates the type of token that was assigned to the new process in accordance with User Account Control policy.

Type 1 is a full token with no privileges removed or groups disabled.  A full token is only used if User Account Control is disabled or if the user is the built-in Administrator account or a service account.

Type 2 is an elevated token with no privileges removed or groups disabled.  An elevated token is used when User Account Control is enabled and the user chooses to start the program using Run as administrator.  An elevated token is also used when an application is configured to always require administrative privilege or to always require maximum privilege, and the user is a member of the Administrators group.

Type 3 is a limited token with administrative privileges removed and administrative groups disabled.  The limited token is used when User Account Control is enabled, the application does not require administrative privilege, and the user does not choose to start the program using Run as administrator."
Audit Success,10/25/2025 1:58,Microsoft-Windows-Security-Auditing,4688,Process Creation,"A new process has been created.

Creator Subject:
	Security ID:		SYSTEM
	Account Name:		-
	Account Domain:		-
	Logon ID:		0x3E7

Target Subject:
	Security ID:		NULL SID
	Account Name:		-
	Account Domain:		-
	Logon ID:		0x0

Process Information:
	New Process ID:		0x58
	New Process Name:	Registry
	Token Elevation Type:	%%1936
	Mandatory Label:		Mandatory Label\System Mandatory Level
	Creator Process ID:	0x4
	Creator Process Name:	
	Process Command Line:	

Token Elevation Type indicates the type of token that was assigned to the new process in accordance with User Account Control policy.

Type 1 is a full token with no privileges removed or groups disabled.  A full token is only used if User Account Control is disabled or if the user is the built-in Administrator account or a service account.

Type 2 is an elevated token with no privileges removed or groups disabled.  An elevated token is used when User Account Control is enabled and the user chooses to start the program using Run as administrator.  An elevated token is also used when an application is configured to always require administrative privilege or to always require maximum privilege, and the user is a member of the Administrators group.

Type 3 is a limited token with administrative privileges removed and administrative groups disabled.  The limited token is used when User Account Control is enabled, the application does not require administrative privilege, and the user does not choose to start the program using Run as administrator."
Audit Success,10/25/2025 1:58,Microsoft-Windows-Security-Auditing,4688,Process Creation,"A new process has been created.

Creator Subject:
	Security ID:		SYSTEM
	Account Name:		-
	Account Domain:		-
	Logon ID:		0x3E7

Target Subject:
	Security ID:		NULL SID
	Account Name:		-
	Account Domain:		-
	Logon ID:		0x0

Process Information:
	New Process ID:		0x128
	New Process Name:	C:\Windows\System32\smss.exe
	Token Elevation Type:	%%1936
	Mandatory Label:		Mandatory Label\System Mandatory Level
	Creator Process ID:	0x4
	Creator Process Name:	
	Process Command Line:	

Token Elevation Type indicates the type of token that was assigned to the new process in accordance with User Account Control policy.

Type 1 is a full token with no privileges removed or groups disabled.  A full token is only used if User Account Control is disabled or if the user is the built-in Administrator account or a service account.

Type 2 is an elevated token with no privileges removed or groups disabled.  An elevated token is used when User Account Control is enabled and the user chooses to start the program using Run as administrator.  An elevated token is also used when an application is configured to always require administrative privilege or to always require maximum privilege, and the user is a member of the Administrators group.

Type 3 is a limited token with administrative privileges removed and administrative groups disabled.  The limited token is used when User Account Control is enabled, the application does not require administrative privilege, and the user does not choose to start the program using Run as administrator."
Audit Success,10/25/2025 1:58,Microsoft-Windows-Security-Auditing,4688,Process Creation,"A new process has been created.

Creator Subject:
	Security ID:		SYSTEM
	Account Name:		-
	Account Domain:		-
	Logon ID:		0x3E7

Target Subject:
	Security ID:		NULL SID
	Account Name:		-
	Account Domain:		-
	Logon ID:		0x0

Process Information:
	New Process ID:		0x140
	New Process Name:	C:\Windows\System32\autochk.exe
	Token Elevation Type:	%%1936
	Mandatory Label:		Mandatory Label\System Mandatory Level
	Creator Process ID:	0x128
	Creator Process Name:	C:\Windows\System32\smss.exe
	Process Command Line:	

Token Elevation Type indicates the type of token that was assigned to the new process in accordance with User Account Control policy.

Type 1 is a full token with no privileges removed or groups disabled.  A full token is only used if User Account Control is disabled or if the user is the built-in Administrator account or a service account.

Type 2 is an elevated token with no privileges removed or groups disabled.  An elevated token is used when User Account Control is enabled and the user chooses to start the program using Run as administrator.  An elevated token is also used when an application is configured to always require administrative privilege or to always require maximum privilege, and the user is a member of the Administrators group.

Type 3 is a limited token with administrative privileges removed and administrative groups disabled.  The limited token is used when User Account Control is enabled, the application does not require administrative privilege, and the user does not choose to start the program using Run as administrator."
